Thương hiệu,Giá tiền (VNĐ),Chất liệu dây,Chất liệu vỏ,Xuất xứ,Giới tính,Chất liệu mặt kính,Độ chịu nước (ATM),Bảo hành,Kiểu máy,Kích cỡ (mm)
Certina,19610000,Thép không gỉ,Thép không gỉ,Thụy Sĩ,Nam,Kính sapphire,10,2,Automatic,40
Tissot,26775000,Thép không gỉ,Thép không gỉ,Thụy Sĩ,Nữ,Kính sapphire,3,2,Automatic,32
Citizen,3272500,Thép không gỉ,Thép không gỉ,Nhật Bản,Nữ,Kính cứng,5,1,Quartz,35
Olym Pianus,3130000,Thép không gỉ,Thép không gỉ,Nhật Bản,Nữ,Kính sapphire,3,2,Quartz,25
Tissot,34650000,Dây da,Thép không gỉ,Thụy Sĩ,Nữ,Kính sapphire,5,2,Quartz,31.6
Olym Pianus,4482000,Thép không gỉ,Thép không gỉ,Thụy Sĩ,Nam,Kính sapphire,3,2,Automatic,40
Titoni,27228050,Thép không gỉ,Thép không gỉ,Thụy Sĩ,Nữ,Kính sapphire,10,2,Automatic,33.5
Daniel Wellington,5195000,Thép không gỉ,Thép không gỉ,Thụy Điển,Nữ,Kính cứng,3,2,Quartz,32
,4490000,Dây da,Thép không gỉ,Nhật Bản,Nam,Kính cứng,5,1,Quartz,39
Citizen,4275000,Dây da,Thép không gỉ,Trung Quốc,Nam,Kính cứng,5,1,Automatic,41
Fossil,3750000,Thép không gỉ,Thép không gỉ,Mỹ,Nam,Kính cứng,10,2,Quartz,42
Seiko,5600000,Thép không gỉ,Thép không gỉ,Nhật Bản,Nữ,Kính sapphire,5,1,Quartz,29
Citizen,5950000,Thép không gỉ,Thép không gỉ,Nhật Bản,Nam,Kính sapphire,5,1,Eco-Drive,40
Q&Q Citizen,1347300,Hợp kim Titanium,Hợp kim Titanium,Trung Quốc,Nữ,Kính cứng,3,1,Quartz,38
Casio,2709000,,,Trung Quốc,Nam,Kính cứng,5,1,Quartz,46.8
Bruno Sohnle,13230000,Dây da,Thép không gỉ,Đức,Nam,Kính sapphire,5,2,Quartz,42
Kassaw,7155000,Dây da,Thép không gỉ,Thụy Sĩ,Nam,Kính sapphire,5,2,Automatic,42
Seiko,6912000,Thép không gỉ,Thép không gỉ,Nhật Bản,Nữ,Kính hardlex,3,1,Quartz,34
Seiko,14220000,Thép không gỉ,Thép không gỉ,Nhật Bản,Nam,Kính hardlex,5,1,Automatic,40.5
Citizen,9077000,Dây da,Thép không gỉ,Nhật Bản,Nam,Kính cứng,5,1,Automatic,40.2
Seiko,6280000,Dây da,Thép không gỉ,Nhật Bản,Nữ,Kính hardlex,3,1,Solar,27
Philippe Auguste,6287400,Thép không gỉ,Thép không gỉ,Trung Quốc,Nam,Kính sapphire,5,2,Quartz,39
Casio,4663800,,,,Nam,Kính cứng,10,1,Quartz,45.4
Citizen,9685000,Thép không gỉ,Thép không gỉ,Nhật Bản,Nữ,Kính sapphire,5,1,Eco-Drive,30
Olympia Star,4200000,Thép không gỉ,Thép không gỉ,Thụy Sĩ,Nam,Kính sapphire,3,1,Quartz,39
Orient,7560000,Dây da,Thép không gỉ,Nhật Bản,Nam,Kính sapphire,5,1,Automatic,43
Freelook,2030000,Dây da,Thép không gỉ,Pháp,Nữ,Kính cứng,3,2,Quartz,nan
Orient,3918500,Dây da,Thép không gỉ,Nhật Bản,Nam,Kính cứng,10,1,Automatic,44
Seiko,4068000,Thép không gỉ,Thép không gỉ,Nhật Bản,Nam,Kính sapphire,10,1,Quartz,40
Teintop,2890000,Thép không gỉ,Thép không gỉ,Mỹ,Nam,Kính sapphire,3,1,Automatic,40
Freelook,1494000,Dây da,Thép không gỉ,Pháp,Nữ,Kính cứng,5,2,Quartz,32
Kassaw,4850000,Thép không gỉ,Thép không gỉ,Thụy Sĩ,Nam,Kính sapphire,5,2,Automatic,41.5
Bruno Sohnle,13230000,Dây da,Thép không gỉ,Đức,Nam,Kính sapphire,5,2,Quartz,42
Seiko,7790000,Thép không gỉ,Thép không gỉ,Nhật Bản,Nữ,Kính hardlex,5,1,Quartz,32
Casio,5971000,Dây da,,Nhật Bản,Nữ,Kính sapphire,3,1,Quartz,28
Seiko,10890000,Dây da,Thép không gỉ,Nhật Bản,Nữ,Kính hardlex,5,1,Automatic,33.8
Tissot,8667000,Thép không gỉ,Thép không gỉ,Thụy Sĩ,Nữ,Kính sapphire,3,2,Quartz,27.95
Citizen,8530000,Dây da,Thép không gỉ,Nhật Bản,Nam,Kính sapphire,3,1,Eco-Drive,39
Casio,1154700,,,,Nữ,Kính cứng,5,1,Quartz,31.2
Mido,8100000,Dây da,Thép không gỉ,Thụy Sĩ,Nữ,Kính sapphire,3,2,Quartz,25
Seiko,7130000,Dây da,Thép không gỉ,Nhật Bản,Nam,Kính cứng,10,1,Solar,42.8
Stefano Ricci,3100000,Dây da,Thép không gỉ,Nhật Bản,Nữ,Kính sapphire,5,1,Quartz,32
Kassaw,5750000,Dây da,Thép không gỉ,Thụy Sĩ,Nam,Kính sapphire,5,2,Automatic,42
Diamond D,3406500,Dây da,Hợp kim Titanium,Trung Quốc,Nữ,Kính sapphire,3,10,Quartz,20
Daniel Wellington,7487000,Thép không gỉ,Thép không gỉ,Thụy Điển,Nữ,Kính cứng,3,2,Quartz,28
Citizen,3400000,Thép không gỉ,Thép không gỉ,Nhật Bản,Nữ,Kính cứng,5,1,Quartz,29
Aries Gold,6822000,Thép không gỉ,Thép không gỉ,Singapore,Nam,Kính sapphire,5,2,Automatic,42
Orient,33460000,Dây da,Thép không gỉ,Nhật Bản,Nam,Kính sapphire,5,1,Automatic,40
Seiko,6273000,Thép không gỉ,Thép không gỉ,Nhật Bản,Nam,Kính hardlex,10,1,Automatic,44
Daniel Wellington,7487000,Dây đá,Thép không gỉ,Thụy Điển,Nữ,Kính cứng,3,2,Quartz,28
,4300000,Thép không gỉ,Thép không gỉ,Nhật Bản,Nữ,Kính cứng,3,1,Quartz,22
Longines,32343300,Thép không gỉ,Thép không gỉ,Thụy Sĩ,Nam,Kính sapphire,3,5,Automatic,34.5
Citizen,6201000,Dây da,Thép không gỉ,Trung Quốc,Nam,Kính sapphire,3,1,Eco-Drive,nan
Bruno Sohnle,14337000,Dây da,Vàng,Đức,Nam,Kính sapphire,10,2,Quartz,38.7
Lobinni,7950000,Dây da,Thép không gỉ,Thụy Sĩ,Nam,Kính sapphire,5,2,Automatic,43
Epos Swiss,32130000,Dây da,Thép không gỉ,Thụy Sĩ,Nam,Kính sapphire,3,2,Automatic,40
Lobinni,3280000,Dây da,Thép không gỉ,Thụy Sĩ,Nam,Kính sapphire,5,2,Automatic,40
Mini Focus,500000,Thép không gỉ,Thép không gỉ,Trung Quốc,Nữ,Kính hardlex,3,1,Pin,33
Diamond D,4266000,Dây da,Hợp kim Titanium,Trung Quốc,Nữ,Kính sapphire,3,10,Quartz,34
Seiko,13830000,Thép không gỉ,Thép không gỉ,Nhật Bản,Nữ,Kính sapphire,10,1,Automatic,34
Tissot,6867000,Dây vàng,Thủy tinh,,Nam,Kính cứng,,nan,Automatic,nan
Ogival,9700000,Thép không gỉ,Thép không gỉ,Thụy Sĩ,Nam,Kính sapphire,5,2,Quartz,38
Seiko,6390000,Dây da,Thép không gỉ,Nhật Bản,Nam,Kính cứng,10,1,Automatic,42
Freelook,2940000,Thép không gỉ,Thép không gỉ,Pháp,Nữ,Kính cứng,3,2,Quartz,30
Diamond D,7081200,Thép không gỉ,Thép không gỉ,Áo,Nữ,Kính sapphire,5,10,Quartz,34
Olympia Star,3740000,Thép không gỉ,Thép không gỉ,Thụy Sĩ,Nam,Kính sapphire,3,2,Quartz,39
Longines,62100000,Dây dù,Thép không gỉ,Thụy Sĩ,Nữ,Kính sapphire,30,5,Automatic,36
Iw Carnival,4290000,Dây cao su,Thép không gỉ,Thụy Sĩ,Nam,Kính sapphire,5,2,Automatic,42
Orient,5420000,Thép không gỉ,Thép không gỉ,Nhật Bản,Nam,Kính cứng,3,1,Automatic,39
Olympia Star,11590000,Thép không gỉ,Thép không gỉ,Thụy Sĩ,Nam,Kính sapphire,3,1,Quartz,nan
Lobinni,7150000,Thép không gỉ,Thép không gỉ,Thụy Sĩ,Nam,Kính sapphire,5,2,Automatic,39
Orient,8510000,Dây da,Thép không gỉ,Nhật Bản,Nam,Kính cứng,3,1,Automatic,40.5
Ogival,10920000,Thép không gỉ,Thép không gỉ,Thụy Sĩ,Nam,Kính sapphire,3,2,Quartz,39
Longines,25146000,Dây da,Thép không gỉ,Thụy Sĩ,Nam,Kính sapphire,3,5,Automatic,34.5
Olym Pianus,2330000,Dây da,Thép không gỉ,Nhật Bản,Nam,Kính sapphire,3,2,Japan movement,39
Lobinni,1660000,Dây da,Thép không gỉ,Thụy Sĩ,Nam,Kính sapphire,3,2,Pin,42
Atlantic Swiss,19764000,Dây da,Thép không gỉ,Thụy Sĩ,Nam,Kính sapphire,5,2,Automatic,42
Stefano Ricci,1800000,Thép không gỉ,Thép không gỉ,Nhật Bản,Nam,Kính sapphire,3,1,Quartz,39
Poniger,7860000,Dây da,Thép không gỉ,Trung Quốc,Nam,Kính sapphire,5,2,Automatic,42
Citizen,6385000,Thép không gỉ,Thép không gỉ,Nhật Bản,Nam,Kính cứng,10,1,Quartz,44
Orient,12400000,Dây da,Thép không gỉ,Nhật Bản,Nam,Kính sapphire,5,1,Automatic,42
Olym Pianus,7240000,Thép không gỉ,Thép không gỉ,Nhật Bản,Nam,Kính sapphire,5,2,Automatic,42
Seiko,6509000,Dây cao su,Thép không gỉ,Nhật Bản,Nam,Kính cứng,10,1,Automatic,43
Stuhrling,6561000,Dây da,Thép không gỉ,Trung Quốc,Nam,Kính cứng,5,2,Quartz,42
Lobinni,7350000,Dây da,Thép không gỉ,Thụy Sĩ,Nam,Kính sapphire,5,2,Automatic,43
Orient,15970000,Dây da,Thép không gỉ,Nhật Bản,Nam,Kính sapphire,5,1,Automatic,39
Citizen,8840000,Thép không gỉ,Thép không gỉ,Nhật Bản,Nam,Kính sapphire,10,1,Eco-Drive,41
Citizen,7900000,Thép không gỉ,Thép không gỉ,Nhật Bản,Nam,Kính cứng,10,1,Eco-Drive,43
Citizen,3150000,Thép không gỉ,Thép không gỉ,Nhật Bản,Nam,Kính cứng,10,1,Quartz,42
Daniel Wellington,6010000,Thép không gỉ,Thép không gỉ,Thụy Điển,Nữ,Kính cứng,3,2,Quartz,28
Titoni,31518000,Thép không gỉ,Thép không gỉ,Thụy Sĩ,Nam,Kính sapphire,10,2,Automatic,40
Olym Pianus,5420000,Thép không gỉ,Thép không gỉ,Nhật Bản,Nam,Kính sapphire,5,2,Automatic,40
Epos Swiss,38520000,Thép không gỉ,Thép không gỉ,Thụy Sĩ,Nam,Kính sapphire,10,2,Automatic,41
Philippe Auguste,5692500,Thép không gỉ,Thép không gỉ,Trung Quốc,Nam,Kính sapphire,5,2,Quartz,42
Seiko,5875000,Thép không gỉ,Thép không gỉ,Nhật Bản,Nam,Kính sapphire,10,1,Solar,40
Epos Swiss,34830000,Thép không gỉ,Thép không gỉ,Thụy Sĩ,Nam,Kính sapphire,3,2,Hand Winding,39
Citizen,3990000,Dây da,Thép không gỉ,Nhật Bản,Nam,Kính cứng,3,1,Quartz,39
Citizen,4270000,Thép không gỉ,Thép không gỉ,Nhật Bản,Nam,Kính cứng,10,1,Quartz,42
Citizen,8500000,Dây da,Thép không gỉ,Nhật Bản,Nam,Kính cứng,10,1,Eco-Drive,42.5
Olym Pianus,5220000,Thép không gỉ,Thép không gỉ,Nhật Bản,Nam,Kính sapphire,3,2,Automatic,40
Olym Pianus,5890000,Dây da,Thép không gỉ,Nhật Bản,Nam,Kính sapphire,5,2,Automatic,40
Stuhrling,11853000,Dây da,Thép không gỉ,Trung Quốc,Nam,Kính cứng,5,2,Quartz,39
Stefano Ricci,2550000,Dây da,Thép không gỉ,Nhật Bản,Nữ,Kính sapphire,5,1,Quartz,21.4
Teintop,3000000,Thép không gỉ,Thép không gỉ,Mỹ,Nam,Kính sapphire,3,1,Automatic,40
Olympia Star,3550000,Thép không gỉ,Thép không gỉ,Thụy Sĩ,Nữ,Kính sapphire,3,1,Quartz,26
Atlantic Swiss,12933000,Dây da,Thép không gỉ,Thụy Sĩ,Nam,Kính sapphire,5,2,Quartz,42
Hazeal,4690000,Dây da,Thép không gỉ,Thụy Sĩ,Nam,Kính sapphire,5,2,Automatic,41
Aries Gold,3352500,Dây da,Thép không gỉ,Singapore,Nam,Kính sapphire,5,2,Quartz,40
Atlantic Swiss,7839000,Thép không gỉ,Thép không gỉ,Thụy Sĩ,Nữ,Kính sapphire,3,2,Quartz,34
Freelook,2940000,Thép không gỉ,Thép không gỉ,Pháp,Nữ,Kính cứng,5,2,Quartz,30
Citizen,6120000,Dây da,Thép không gỉ,Nhật Bản,Nam,Kính sapphire,5,1,Automatic,42
Q&Q Citizen,1080000,Dây cao su,Nhựa,Trung Quốc,Nam,Kính cứng,10,1,Quartz,52
Bruno Sohnle,19692000,Dây da,Thép không gỉ,Đức,Nữ,Kính sapphire,5,2,Quartz,35
Citizen,4160000,Thép không gỉ,Thép không gỉ,Nhật Bản,Nữ,Kính cứng,3,1,Quartz,15
Mido,32355000,Thép không gỉ,Thép không gỉ,Thụy Sĩ,Nam,Kính sapphire,10,5,Automatic,42
Titoni,27140500,Thép không gỉ,Thép không gỉ,Thụy Sĩ,Nam,Kính sapphire,5,2,Automatic,39
Seiko,13520000,Dây da,Thép không gỉ,Nhật Bản,Nam,Kính hardlex,5,1,Automatic,40.5
,4510000,Dây da,Thép không gỉ,Tây Ban Nha,Nam,Kính cứng,5,2,Quartz,48
Stefano Ricci,6250000,Dây da,Thép không gỉ,Nhật Bản,Nam,Kính sapphire,5,1,Quartz,40
Seiko,7070000,Dây da,Thép không gỉ,Nhật Bản,Nam,Kính sapphire,10,1,Solar,40
Orient,8320000,Dây da,Thép không gỉ,Nhật Bản,Nam,Kính cứng,3,1,Automatic,40.5
Citizen,8976000,Thép không gỉ,Thép không gỉ,Nhật Bản,Nam,Kính cứng,20,1,Eco-Drive,44
Casio,2177000,Dây da,,Nhật Bản,Nam,Kính cứng,10,1,Quartz,41
Saga,7120000,Thép không gỉ,Thép không gỉ,Mỹ,Nữ,Kính cứng,3,2,Quartz,24
Stuhrling,6637500,Dây da,Thép không gỉ,Trung Quốc,Nam,Kính cứng,5,2,Quartz,40
Hazeal,5550000,Dây da,Thép không gỉ,Thụy Sĩ,Nam,Kính sapphire,5,2,Automatic,42
Lobinni,3350000,Thép không gỉ,Thép không gỉ,Thụy Sĩ,Nam,Kính sapphire,5,2,Automatic,40
Diamond D,3591000,Hợp kim Titanium,Hợp kim Titanium,Trung Quốc,Nữ,Kính sapphire,3,10,Quartz,17
Seiko,15290000,Dây da,Thép không gỉ,Nhật Bản,Nam,Kính hardlex,5,1,Automatic,40.5
Tissot,9009000,Thép không gỉ,Thép không gỉ,Thụy Sĩ,Nam,Kính sapphire,10,2,Quartz,38
Orient,19460000,Thép không gỉ,Thép không gỉ,Nhật Bản,Nam,Kính sapphire,10,2,Automatic,39.3
Kassaw,1350000,Thép không gỉ,Thép không gỉ,Thụy Sĩ,Nữ,Kính sapphire,3,2,Pin,30.3
Lobinni,6550000,Thép không gỉ,Thép không gỉ,Thụy Sĩ,Nam,Kính sapphire,5,2,Automatic,41
Stefano Ricci,6450000,Dây da,Thép không gỉ,Nhật Bản,Nam,Kính sapphire,5,1,Quartz,40
,6000000,Dây da,Thép không gỉ,Mỹ,Nam,Kính cứng,10,1,Quartz,43
Calvin Klein,2860000,Dây da,Thép không gỉ,Thụy Sĩ,Nam,Kính cứng,3,2,Quartz,42
Seiko,8530000,Thép không gỉ,Thép không gỉ,Nhật Bản,Nữ,Kính hardlex,3,1,Quartz,31
Jacques Lemans,5715000,Dây da,Thép không gỉ,Áo,Nam,Kính hardlex,10,2,Quartz,42
Calvin Klein,7938000,Thép không gỉ,Thép không gỉ,Mỹ,Nam,Kính cứng,5,2,Automatic,41.2
Epos Swiss,29970000,Thép không gỉ,Thép không gỉ,Thụy Sĩ,Nam,Kính sapphire,10,2,Automatic,41.5
Saga,7120000,Thép không gỉ,Thép không gỉ,Mỹ,Nữ,Kính cứng,3,2,Quartz,20
Olym Pianus,2850000,Thép không gỉ,Thép không gỉ,Nhật Bản,Nữ,Kính sapphire,3,1,Quartz,29
Diamond D,3933000,Hợp kim Titanium,Hợp kim Titanium,Trung Quốc,Nữ,Kính sapphire,3,10,Quartz,32
Tissot,26406000,Thép không gỉ,Thép không gỉ,Thụy Sĩ,Nam,Kính sapphire,20,2,Automatic,44
Eterna,34524000,Dây da,Thép không gỉ,Thụy Sĩ,Nam,Kính sapphire,5,2,Automatic,42
Seiko,4280000,Dây da,Thép không gỉ,Nhật Bản,Nữ,Kính cứng,3,1,Solar,26.1
Epos Swiss,13230000,Dây da,Thép không gỉ,Thụy Sĩ,Nam,Kính sapphire,5,2,Quartz,41.5
Citizen,5600000,Dây da,Thép không gỉ,Nhật Bản,Nam,Kính cứng,10,1,Eco-Drive,43
Casio,5330000,Dây cao su,Nhựa,Nhật Bản,Nam,Kính cứng,20,5,Quartz,55
Casio,1192000,,,Nhật Bản,Nữ,Kính cứng,3,1,Quartz,25
Jacques Lemans,3888000,Dây da,Thép không gỉ,Áo,Nam,Kính hardlex,5,2,Quartz,36
Casio,1529000,,Nhựa,Nhật Bản,Nam,Kính nhựa,10,1,Quartz,48.4
Tissot,25200000,Thép không gỉ,Thép không gỉ,Thụy Sĩ,Nam,Kính sapphire,10,2,Automatic,40
Lobinni,3550000,Dây da,Thép không gỉ,Thụy Sĩ,Nữ,Kính sapphire,5,2,Automatic,36
Tissot,12600000,Dây da,Thép không gỉ,Thụy Sĩ,Nam,Kính sapphire,5,2,Quartz,41
Citizen,7800000,Thép không gỉ,Thép không gỉ,Nhật Bản,Nữ,Kính sapphire,5,1,Eco-Drive,27.7
Frederique Constant,22984000,Dây da,Thép không gỉ,Thụy Sĩ,Nam,Kính sapphire,5,2,Quartz,42
Tissot,12250000,Thép không gỉ,Thép không gỉ,Thụy Sĩ,Nam,Kính sapphire,3,2,Quartz,39
Epos Swiss,32490000,Dây da,Thép không gỉ,Thụy Sĩ,Nam,Kính sapphire,5,2,Automatic,41
Tissot,21582000,Thép không gỉ,Thép không gỉ,Thụy Sĩ,Nam,Kính sapphire,30,2,Automatic,43
Seiko,8020000,Thép không gỉ,Thép không gỉ,Nhật Bản,Nữ,Kính sapphire,10,1,Quartz,36
Atlantic Swiss,7551000,Dây da,Thép không gỉ,Thụy Sĩ,Nữ,Kính sapphire,3,2,Quartz,34
Diamond D,3465000,Dây da,Hợp kim Titanium,Trung Quốc,Nữ,Kính sapphire,3,10,Quartz,42
Citizen,5670000,Thép không gỉ,Thép không gỉ,Nhật Bản,Nữ,Kính cứng,3,1,Eco-Drive,36
Citizen,18900000,Dây đá,Thép không gỉ,Nhật Bản,Nam,Kính sapphire,10,1,Eco-Drive,43
Citizen,11462250,Thép không gỉ,Thép không gỉ,Nhật Bản,Nam,Kính sapphire,3,1,Eco-Drive,38.4
Q&Q Citizen,637200,Dây cao su,Nhựa,Trung Quốc,Nam,Kính cứng,10,1,Quartz,41
Q&Q Citizen,950400,Hợp kim Titanium,Hợp kim Titanium,Trung Quốc,Nam,Kính cứng,3,1,Quartz,39
Q&Q Citizen,540000,Dây nhựa,Nhựa,Trung Quốc,Nam,Kính cứng,10,1,Quartz,42
Frederique Constant,78300000,Dây da,Thép không gỉ,Thụy Sĩ,Nam,Kính sapphire,5,2,Automatic,42
Koi,2320000,Dây da,Thép không gỉ,Việt Nam,Nữ,Kính sapphire,5,3,Quartz,28
Candino,8100000,Thép không gỉ,Thép không gỉ,Thụy Sĩ,Nam,Kính cứng,5,2,Quartz,41
Casio,3628000,Dây cao su,Nhựa,Nhật Bản,Nam,Kính cứng,20,5,Quartz,48.5
Stefano Ricci,7850000,Thép không gỉ,Thép không gỉ,Nhật Bản,Nam,Kính sapphire,5,1,Automatic,40
Citizen,11550000,Thép không gỉ,Thép không gỉ,Nhật Bản,Nam,Kính sapphire,3,1,Eco-Drive,36.2
Lobinni,9950000,Dây da,Thép không gỉ,Thụy Sĩ,Nam,Kính sapphire,5,2,Automatic,40
Doxa,45640000,Thép không gỉ,Thép không gỉ,Thụy Sĩ,Nữ,Kính sapphire,5,2,Automatic,35
Diamond D,5536800,Thép không gỉ,Thép không gỉ,Áo,Nữ,Kính sapphire,5,10,Quartz,30
Seiko,6282000,Thép không gỉ,Thép không gỉ,Nhật Bản,Nam,Kính hardlex,10,1,Automatic,42.5
Longines,65934000,Dây da,Thép không gỉ,Thụy Sĩ,Nam,Kính sapphire,3,5,Automatic,40.00
Jacques Lemans,5454000,Gốm ceramic,Thép không gỉ,Áo,Nữ,Kính hardlex,5,2,Quartz,36
Orient,3842000,Dây da,Thép không gỉ,Nhật Bản,Nam,Kính cứng,5,1,Quartz,42
Tissot,22680000,Thép không gỉ,Thép không gỉ,Thụy Sĩ,Nữ,Kính sapphire,5,2,Automatic,32
Iw Carnival,3830000,Dây da,Thép không gỉ,Thụy Sĩ,Nam,Kính sapphire,3,2,Automatic,42
Q&Q Citizen,1323000,Thép không gỉ,Thép không gỉ,Trung Quốc,Nam,Kính cứng,5,1,Quartz,40
Seiko,11960000,Thép không gỉ,Thép không gỉ,Nhật Bản,Nam,Kính cứng,20,1,Automatic,45
Epos Swiss,55980000,Dây da,Thép không gỉ,Thụy Sĩ,Nam,Kính sapphire,5,2,Hand Winding,43.5
Aries Gold,4932000,Thép không gỉ,Thép không gỉ,Singapore,Nữ,Kính sapphire,3,2,Quartz,28
Aries Gold,5152500,Thép không gỉ,Thép không gỉ,Singapore,Nữ,Kính sapphire,5,2,Quartz,nan
Philippe Auguste,6913800,Thép không gỉ,Thép không gỉ,Trung Quốc,Nam,Kính sapphire,5,2,Quartz,41
Lobinni,7550000,Thép không gỉ,Thép không gỉ,Thụy Sĩ,Nam,Kính sapphire,5,2,Automatic,43
Seiko,10040000,Dây da,Thép không gỉ,Nhật Bản,Nam,Kính sapphire,3,1,Quartz,38.4
Lobinni,4680000,Thép không gỉ,Thép không gỉ,Thụy Sĩ,Nam,Kính sapphire,5,2,Automatic,41
Citizen,8985000,Thép không gỉ,Thép không gỉ,Nhật Bản,Nam,Kính cứng,5,1,Eco-Drive,40
Kassaw,4350000,Thép không gỉ,Thép không gỉ,Thụy Sĩ,Nam,Kính sapphire,5,2,Automatic,41
Sokolov,6170000,Dây da,Bạc,Nga,Nữ,Kính sapphire,3,3,Quartz,24
Orient,4170000,Thép không gỉ,Thép không gỉ,Nhật Bản,Nam,Kính cứng,3,1,Quartz,39
Casio,1154700,Thép không gỉ,,,Nữ,Kính cứng,5,1,Quartz,30
Olym Pianus,3040000,Thép không gỉ,Thép không gỉ,Nhật Bản,Nam,Kính sapphire,5,2,Quartz,40
Diamond D,3933000,Dây da,Hợp kim Titanium,Trung Quốc,Nữ,Kính sapphire,3,10,Quartz,23
Citizen,3650000,Thép không gỉ,Thép không gỉ,Nhật Bản,Nam,Kính cứng,5,1,Quartz,40
Stefano Ricci,2000000,Dây da,Thép không gỉ,Nhật Bản,Nữ,Kính sapphire,5,1,Quartz,30
Lobinni,6500000,Dây da,Thép không gỉ,Thụy Sĩ,Nam,Kính sapphire,5,2,Automatic,38
Seiko,8050000,Thép không gỉ,Thép không gỉ,Nhật Bản,Nam,Kính hardlex,10,1,Automatic,39.4
Stuhrling,12501000,Thép không gỉ,Thép không gỉ,Trung Quốc,Nữ,Kính cứng,5,2,Automatic,35
Seiko,6630000,Thép không gỉ,Thép không gỉ,Nhật Bản,Nam,Kính cứng,10,1,Quartz,42.2
Casio,1633000,,,Nhật Bản,Nam,Kính nhựa,3,1,Quartz,40.7
Aries Gold,4925250,Thép không gỉ,Thép không gỉ,Singapore,Nam,Kính sapphire,5,2,Quartz,35
Frederique Constant,18860000,Dây da,Thép không gỉ,Thụy Sĩ,Nữ,Kính sapphire,3,2,Quartz,23
Tissot,24570000,Thép không gỉ,Thép không gỉ,Thụy Sĩ,Nữ,Kính sapphire,5,2,Automatic,33
Hazeal,2990000,Dây da,Thép không gỉ,Thụy Sĩ,Nữ,Kính sapphire,3,2,Automatic,36
Citizen,6100000,Dây da,Thép không gỉ,Nhật Bản,Nam,Kính cứng,50,1,Eco-Drive,41
Atlantic Swiss,9090000,Thép không gỉ,Thép không gỉ,Thụy Sĩ,Nam,Kính sapphire,5,2,Quartz,40
Orient,4950000,Dây da,Thép không gỉ,Nhật Bản,Nam,Kính thường,5,1,Automatic,40.5
Calvin Klein,5634000,Thép không gỉ,Thép không gỉ,Thụy Sĩ,Nữ,Kính cứng,3,2,Quartz,38
Tissot,13650000,Dây da,Thép không gỉ,Thụy Sĩ,Nữ,Kính sapphire,10,2,Quartz,33
Citizen,4411500,Thép không gỉ,Thép không gỉ,Nhật Bản,Nam,Kính sapphire,5,1,Eco-Drive,39
Fossil,4220000,Thép không gỉ,Thép không gỉ,Mỹ,Nữ,Kính cứng,3,2,Quartz,36
Olym Pianus,5070000,Thép không gỉ,Thép không gỉ,Nhật Bản,Nam,Kính sapphire,5,1,Automatic,40
Casio,6490000,Dây cao su,Nhựa,Nhật Bản,Nữ,Kính cứng,10,1,Solar,38.8
Freelook,2670000,Thép không gỉ,Thép không gỉ,Pháp,Nữ,Kính cứng,5,2,Quartz,34
Frederique Constant,29450000,Thép không gỉ,Thép không gỉ,Thụy Sĩ,Nữ,Kính sapphire,3,2,Quartz,30
Diamond D,4581000,Hợp kim Titanium,Hợp kim Titanium,Trung Quốc,Nữ,Kính sapphire,3,10,Quartz,25
Casio,4096000,Dây cao su,Nhựa,Nhật Bản,Nữ,Kính cứng,10,5,Quartz,42
Citizen,4830000,Thép không gỉ,Thép không gỉ,Nhật Bản,Nam,Kính cứng,10,1,Quartz,40
Orient,24880000,Thép không gỉ,Thép không gỉ,Nhật Bản,Nam,Kính sapphire,10,1,Automatic,41
Orient,7072000,Dây da,Thép không gỉ,Nhật Bản,Nam,Kính cứng,3,1,Automatic,40.5
Citizen,2952000,Thép không gỉ,Thép không gỉ,Trung Quốc,Nam,Kính cứng,5,1,Quartz,39
Olym Pianus,4500000,Thép không gỉ,Thép không gỉ,Nhật Bản,Nam,Kính sapphire,3,2,Automatic,40
Orient,18150000,Thép không gỉ,Thép không gỉ,Nhật Bản,Nam,Kính sapphire,10,1,Automatic,41
Q&Q Citizen,1674000,Thép không gỉ,Thép không gỉ,Trung Quốc,Nam,Kính cứng,5,1,Quartz,40
Tissot,20160000,Dây da,Thép không gỉ,Thụy Sĩ,Nữ,Kính sapphire,3,2,Automatic,35
Olym Pianus,3726000,Thép không gỉ,Thép không gỉ,Thụy Sĩ,Nam,Kính sapphire,5,2,Quartz,40
Seiko,6390000,Thép không gỉ,Thép không gỉ,Nhật Bản,Nữ,Kính hardlex,5,1,Quartz,29
Philippe Auguste,5692500,Thép không gỉ,Thép không gỉ,Trung Quốc,Nam,Kính sapphire,5,2,Quartz,42
Kassaw,3950000,Thép không gỉ,Thép không gỉ,Thụy Sĩ,Nam,Kính sapphire,5,2,Automatic,39
Seiko,8450000,Thép không gỉ,Thép không gỉ,Nhật Bản,Nam,Kính cứng,10,1,Automatic,44.7
Lobinni,4950000,Dây da,Thép không gỉ,Thụy Sĩ,Nam,Kính sapphire,5,2,Automatic,41
Citizen,5785000,Thép không gỉ,Thép không gỉ,Nhật Bản,Nam,Kính cứng,5,1,Automatic,40
Seiko,2853000,Thép không gỉ,Thép không gỉ,Nhật Bản,Nam,Kính cứng,3,1,Automatic,38
Seiko,6420000,Thép không gỉ,Thép không gỉ,Nhật Bản,Nam,Kính cứng,10,1,Automatic,44
Philippe Auguste,4581000,Thép không gỉ,Thép không gỉ,Trung Quốc,Nam,Kính sapphire,5,2,Quartz,39
Aries Gold,4027500,Thép không gỉ,Thép không gỉ,Singapore,Nữ,Kính sapphire,5,2,Quartz,26
Leonidas,4660000,Dây da,Thép không gỉ,Trung Quốc,Nữ,Kính sapphire,5,2,Automatic,33
Doxa,28000000,Dây da,Thép không gỉ,Thụy Sĩ,Nam,Kính sapphire,5,2,Automatic,40
Lobinni,3850000,Dây da,Thép không gỉ,Thụy Sĩ,Nam,Kính sapphire,5,2,Automatic,40
Q&Q Citizen,972000,Hợp kim Titanium,Hợp kim Titanium,Trung Quốc,Nữ,Kính cứng,3,1,Quartz,30
Olym Pianus,8410000,Dây da,Thép không gỉ,Nhật Bản,Nam,Kính sapphire,5,1,Automatic,40
Tissot,11970000,Thép không gỉ,Thép không gỉ,Thụy Sĩ,Nữ,Kính sapphire,3,2,Quartz,30
Longines,59512500,Dây da,Thép không gỉ,Thụy Sĩ,Nữ,Kính sapphire,3,5,Automatic,26
Olym Pianus,6330000,Thép không gỉ,Thép không gỉ,Nhật Bản,Nam,Kính sapphire,5,2,Automatic,39
Mido,50625000,Thép không gỉ,Thép không gỉ,Thụy Sĩ,Nam,Kính sapphire,5,2,Automatic,42.5
Jacques Lemans,3699000,Thép không gỉ,Thép không gỉ,Áo,Nam,Kính hardlex,10,2,Quartz,39
Kassaw,3850000,Thép không gỉ,Thép không gỉ,Thụy Sĩ,Nam,Kính sapphire,5,2,Automatic,39
Citizen,9605000,Dây da,Thép không gỉ,Nhật Bản,Nữ,Kính sapphire,10,1,Automatic,34
Seiko,7852500,Thép không gỉ,Thép không gỉ,Nhật Bản,Nữ,Kính hardlex,3,1,Quartz,29
Stefano Ricci,4450000,Thép không gỉ,Thép không gỉ,Nhật Bản,Nam,Kính sapphire,5,1,Automatic,42
Tissot,7245000,Thép không gỉ,Thép không gỉ,Thụy Sĩ,Nữ,Kính sapphire,3,2,Quartz,30
Casio,9945000,Dây cao su,Nhựa,Nhật Bản,Nam,Kính cứng,20,5,Solar,62.5
Stuhrling,12744000,Thép không gỉ,Thép không gỉ,Trung Quốc,Nam,Kính cứng,3,2,Quartz,39
Stuhrling,7056000,Thép không gỉ,Thép không gỉ,Trung Quốc,Nam,Kính cứng,5,2,Quartz,42
,6950000,Dây da,Thép không gỉ,Mỹ,Nữ,Kính cứng,5,1,Quartz,33
Jacques Lemans,3870000,Dây da,Thép không gỉ,Áo,Nam,Kính hardlex,5,2,Quartz,41
Bulova,13900000,Thép không gỉ,Thép không gỉ,Mỹ,Nam,Kính cứng,3,3,Automatic,43
Casio,5441000,Dây cao su,Nhựa,Nhật Bản,Nam,Kính cứng,20,1,Quartz,49.4
Casio,7080000,Dây da,Thép không gỉ,Thụy Sĩ,Nam,Kính cứng,5,2,Quartz,41
Daniel Wellington,5195000,Thép không gỉ,Thép không gỉ,Thụy Điển,Nữ,Kính cứng,3,2,Quartz,22
Atlantic Swiss,10674000,Thép không gỉ,Thép không gỉ,Thụy Sĩ,Nam,Kính sapphire,5,2,Quartz,40
Jacques Lemans,2844000,Dây da,Thép không gỉ,Áo,Nữ,Kính hardlex,5,2,Quartz,28
Seiko,5110000,Thép không gỉ,Thép không gỉ,Nhật Bản,Nam,Kính cứng,10,1,Quartz,44
Olym Pianus,4590000,Thép không gỉ,Thép không gỉ,Nhật Bản,Nam,Kính sapphire,5,2,Quartz,43
Aries Gold,4925250,Thép không gỉ,Thép không gỉ,Singapore,Nữ,Kính sapphire,5,2,Quartz,26
Fossil,3888000,Thép không gỉ,Thép không gỉ,Mỹ,Nữ,Kính cứng,5,2,Quartz,30
Lobinni,1850000,Dây da,Thép không gỉ,Thụy Sĩ,Nam,Kính sapphire,3,2,Pin,40
Saga,7120000,Thép không gỉ,Thép không gỉ,Mỹ,Nữ,Kính cứng,3,2,Quartz,20
Casio,6181000,Dây cao su,Nhựa,Nhật Bản,Nam,Kính cứng,20,5,Quartz,48.9
Lobinni,6750000,Thép không gỉ,Thép không gỉ,Thụy Sĩ,Nữ,Kính sapphire,5,2,Automatic,36.5
Atlantic Swiss,9702000,Thép không gỉ,Thép không gỉ,Thụy Sĩ,Nữ,Kính sapphire,3,2,Quartz,28.5
Aries Gold,3942000,Dây da,Thép không gỉ,Singapore,Nữ,Kính sapphire,5,2,Quartz,38
Seiko,3060000,Thép không gỉ,Thép không gỉ,Nhật Bản,Nam,Kính hardlex,10,1,Quartz,42
Fossil,5180000,Thép không gỉ,Thép không gỉ,Mỹ,Nam,Kính cứng,5,2,Quartz,42
Lobinni,7660000,Dây da,Thép không gỉ,Thụy Sĩ,Nam,Kính sapphire,5,2,Automatic,42
Orient,4800000,Dây da,Thép không gỉ,Nhật Bản,Nam,Kính cứng,3,1,Quartz,40.5
Epos Swiss,60840000,Dây da,Thép không gỉ,Thụy Sĩ,Nam,Kính sapphire,10,2,Automatic,39.5
Citizen,3570000,Thép không gỉ,Thép không gỉ,Nhật Bản,Nữ,Kính cứng,3,1,Quartz,35
Jacques Lemans,2844000,Dây da,Thép không gỉ,Áo,Nam,Kính hardlex,10,2,Quartz,39
Citizen,5525000,Dây da,Thép không gỉ,Nhật Bản,Nam,Kính cứng,10,1,Eco-Drive,41
Ogival,23390000,Thép không gỉ,Thép không gỉ,Thụy Sĩ,Nam,Kính sapphire,5,2,Automatic,40
Bulova,9985000,Thép không gỉ,Thép không gỉ,Mỹ,Nữ,Kính cứng,3,3,Quartz,28
Seiko,3956000,Dây vàng,Thép không gỉ,Nhật Bản,Nữ,Kính cứng,3,1,Quartz,28
Seiko,5200000,Thép không gỉ,Thép không gỉ,Nhật Bản,Nữ,Kính cứng,5,1,Quartz,29
Mido,33130000,Dây da,Thép không gỉ,Thụy Sĩ,Nam,Kính sapphire,20,2,Automatic,44
Seiko,9640000,Thép không gỉ,Thép không gỉ,Nhật Bản,Nữ,Kính cứng,5,1,Automatic,34
Fossil,3470000,Dây da,Thép không gỉ,Mỹ,Nữ,Kính cứng,3,2,Quartz,36
Atlantic Swiss,23688000,Dây da,Thép không gỉ,Thụy Sĩ,Nam,Kính sapphire,5,2,Automatic,42
Atlantic Swiss,8712000,Thép không gỉ,Thép không gỉ,Thụy Sĩ,Nam,Kính sapphire,5,2,Quartz,40
Rado,68375000,Thép không gỉ,Thép không gỉ,Thụy Sĩ,Nam,Kính sapphire,30,2,Automatic,42
Stuhrling,6309000,Dây da,Thép không gỉ,Trung Quốc,Nam,Kính cứng,5,2,Quartz,42
Seiko,6590000,Dây vải,Thép không gỉ,Nhật Bản,Nam,Kính hardlex,10,1,Automatic,44
Tissot,9450000,Dây da,Thép không gỉ,Thụy Sĩ,Nữ,Kính sapphire,3,2,Quartz,38
Citizen,3600000,Thép không gỉ,Thép không gỉ,Nhật Bản,Nữ,Kính cứng,5,1,Quartz,26
Tissot,13230000,Thép không gỉ,Thép không gỉ,Thụy Sĩ,Nam,Kính sapphire,3,2,Quartz,42
Casio,907000,Dây cao su,,Nhật Bản,Nữ,Kính nhựa,5,1,Quartz,37.9
Fossil,4890000,Thép không gỉ,Thép không gỉ,Mỹ,Nữ,Kính cứng,3,2,Quartz,36
Seiko,9990000,Thép không gỉ,Thép không gỉ,Nhật Bản,Nam,Kính sapphire,10,1,Quartz,41.4
Longines,27126000,Dây da,Thép không gỉ,Thụy Sĩ,Nam,Kính sapphire,3,2,Quartz,33
Citizen,12650000,Thép không gỉ,Thép không gỉ,Nhật Bản,Nam,Kính sapphire,10,1,Automatic,40
Lobinni,5350000,Thép không gỉ,Thép không gỉ,Thụy Sĩ,Nam,Kính sapphire,5,2,Automatic,41
Kassaw,19990000,Thép không gỉ,Thép không gỉ,Thụy Sĩ,Nam,Kính sapphire,5,2,Automatic,42
Orient,3260000,Dây da,Thép không gỉ,Nhật Bản,Nam,Kính cứng,5,1,Quartz,42
Citizen,7350000,Thép không gỉ,Thép không gỉ,Nhật Bản,Nam,Kính sapphire,3,1,Automatic,42
Lobinni,4950000,Thép không gỉ,Thép không gỉ,Thụy Sĩ,Nam,Kính sapphire,5,2,Automatic,42
Q&Q Citizen,1573200,Thép không gỉ,Thép không gỉ,Trung Quốc,Nữ,Kính cứng,5,1,Quartz,32
Lobinni,6190000,Thép không gỉ,Thép không gỉ,Thụy Sĩ,Nam,Kính sapphire,5,2,Automatic,43
Longines,86680800,Dây da,Thép không gỉ,Thụy Sĩ,Nữ,Kính sapphire,3,2,Quartz,20.8
Stefano Ricci,6850000,Thép không gỉ,Thép không gỉ,Nhật Bản,Nam,Kính sapphire,5,1,Quartz,40
Citizen,11180000,Thép không gỉ,Thép không gỉ,Nhật Bản,Nam,Kính sapphire,5,1,Automatic,40
Orient,11490000,Dây da,Thép không gỉ,Nhật Bản,Nam,Kính cứng,3,1,Automatic,41
Bulova,15785000,Dây cao su,Thép không gỉ,Mỹ,Nam,Kính cứng,20,3,Automatic,45
Kassaw,4850000,Thép không gỉ,Thép không gỉ,Thụy Sĩ,Nam,Kính sapphire,5,2,Automatic,41.5
Lobinni,4830000,Dây da,Thép không gỉ,Thụy Sĩ,Nam,Kính sapphire,5,2,Automatic,40
Seiko,10350000,Thép không gỉ,Thép không gỉ,Nhật Bản,Nam,Kính sapphire,20,1,Automatic,43
Frederique Constant,33390000,Thép không gỉ,Thép không gỉ,Thụy Sĩ,Nữ,Kính sapphire,3,2,Quartz,30
Citizen,6850000,Thép không gỉ,Thép không gỉ,Nhật Bản,Nam,Kính cứng,5,1,Eco-Drive,44
Citizen,3100000,Dây da,Thép không gỉ,Nhật Bản,Nam,Kính cứng,5,1,Quartz,40
Jacques Lemans,10413000,Gốm ceramic,Thép không gỉ,Áo,Nữ,Kính sapphire,5,2,Quartz,27
Q&Q Citizen,1134000,Hợp kim Titanium,Hợp kim Titanium,Trung Quốc,Nam,Kính cứng,5,1,Quartz,44
Casio,777600,Dây da,,,Nam,Kính cứng,3,1,Quartz,33.5
Calvin Klein,4165000,Dây da,Thép không gỉ,Thụy Sĩ,Nam,Kính cứng,5,2,Quartz,43
Stefano Ricci,3200000,Thép không gỉ,Thép không gỉ,Nhật Bản,Nam,Kính sapphire,5,1,Quartz,39
Frederique Constant,39227500,Dây da,Thép không gỉ,Thụy Sĩ,Nữ,Kính sapphire,5,2,Automatic,36
Citizen,4335000,Dây da,Thép không gỉ,Nhật Bản,Nam,Kính cứng,10,1,Eco-Drive,42
Orient,3540000,Dây da,Thép không gỉ,Nhật Bản,Nam,Kính cứng,5,1,Automatic,41
Q&Q Citizen,1209600,Dây nhựa,Nhựa,Trung Quốc,Nam,Kính cứng,10,1,Quartz,41
Lobinni,6190000,Thép không gỉ,Thép không gỉ,Thụy Sĩ,Nam,Kính sapphire,5,2,Automatic,43
Olym Pianus,5320000,Thép không gỉ,Thép không gỉ,Nhật Bản,Nam,Kính sapphire,5,2,Automatic,42
Orient,3621000,Dây vàng,Thủy tinh,,Nam,Kính cứng,,nan,Automatic,nan
Q&Q Citizen,626400,Dây nhựa,Nhựa,Trung Quốc,Nữ,Kính cứng,3,1,Quartz,39
Lobinni,5480000,Dây da,Thép không gỉ,Thụy Sĩ,Nam,Kính sapphire,5,2,Automatic,42
Citizen,8610000,Thép không gỉ,Thép không gỉ,Nhật Bản,Nam,Kính sapphire,3,1,Automatic,40
Olym Pianus,5360000,Thép không gỉ,Thép không gỉ,Nhật Bản,Nam,Kính sapphire,5,1,Automatic,41
Orient,2900000,Thép không gỉ,Thép không gỉ,Nhật Bản,Nam,Kính cứng,3,1,Quartz,42
Citizen,5285000,Dây da,Thép không gỉ,Nhật Bản,Nam,Kính cứng,10,1,Eco-Drive,41
Skagen,4630000,Thép không gỉ,Thép không gỉ,Đan Mạch,Nữ,Kính cứng,3,3,Quartz,30
Citizen,14280000,Dây cao su,Thép không gỉ,Nhật Bản,Nam,Kính cứng,20,1,Eco-Drive,46
Atlantic Swiss,10125000,Dây da,Thép không gỉ,Thụy Sĩ,Nam,Kính sapphire,10,2,Quartz,42
Tissot,22527000,Dây da,Thép không gỉ,Thụy Sĩ,Nữ,Kính sapphire,5,2,Automatic,30
Lobinni,2850000,Gốm ceramic,Thép không gỉ,Thụy Sĩ,Nữ,Kính sapphire,3,2,Pin,29
Atlantic Swiss,8082000,Thép không gỉ,Thép không gỉ,Thụy Sĩ,Nữ,Kính sapphire,3,2,Quartz,34
Lobinni,4960000,Thép không gỉ,Thép không gỉ,Thụy Sĩ,Nữ,Kính sapphire,5,2,Automatic,33
Citizen,3748500,Thép không gỉ,Thép không gỉ,Nhật Bản,Nam,Kính cứng,5,1,Quartz,43
Aries Gold,5420250,Thép không gỉ,Thép không gỉ,Singapore,Nữ,Kính sapphire,5,2,Quartz,30
Tissot,11808000,Thép không gỉ,Thép không gỉ,Thụy Sĩ,Nam,Kính sapphire,10,2,Quartz,37.5
Lobinni,5350000,Dây da,Thép không gỉ,Thụy Sĩ,Nam,Kính sapphire,5,2,Automatic,42
Seiko,12810000,Dây da,Thép không gỉ,Nhật Bản,Nam,Kính sapphire,10,1,Automatic,40.6
Casio,488700,,,Trung Quốc,Nam,Kính nhựa,5,1,Quartz,43.6
Q&Q Citizen,1177200,Hợp kim Titanium,Hợp kim Titanium,Trung Quốc,Nam,Kính cứng,3,1,Quartz,37
Olympia Star,2860000,Dây da,Thép không gỉ,Thụy Sĩ,Nam,Kính sapphire,3,1,Quartz,40
Movado,13200000,Dây da,Thép không gỉ,Thụy Sĩ,Nam,Kính cứng,3,2,Quartz,42
Citizen,6750000,Thép không gỉ,Thép không gỉ,Nhật Bản,Nam,Kính cứng,5,1,Eco-Drive,42
Hazeal,4350000,Dây da,Thép không gỉ,Thụy Sĩ,Nam,Kính sapphire,5,2,Automatic,41
Doxa,15800000,Dây da,Thép không gỉ,Thụy Sĩ,Nữ,Kính sapphire,3,2,Quartz,29
Longines,18810000,Thép không gỉ,Thép không gỉ,Thụy Sĩ,Nam,Kính sapphire,3,2,Quartz,33
Seiko,3870000,Thép không gỉ,Thép không gỉ,Nhật Bản,Nam,Kính cứng,3,1,Automatic,37
Kassaw,2800000,Thép không gỉ,Thép không gỉ,Thụy Sĩ,Nữ,Kính sapphire,5,2,Pin,21
Jacques Lemans,5193000,Dây da,Thép không gỉ,Áo,Nữ,Kính hardlex,5,2,Quartz,34
Diamond D,3096000,Dây da,Hợp kim Titanium,Trung Quốc,Nữ,Kính sapphire,3,10,Quartz,35
Orient,8880000,Thép không gỉ,Thép không gỉ,Nhật Bản,Nam,Kính cứng,5,1,Automatic,42
Citizen,17425000,Thép không gỉ,Thép không gỉ,Nhật Bản,Nam,Kính sapphire,20,1,Eco-Drive,45.4
Q&Q Citizen,1573200,Thép không gỉ,Thép không gỉ,Trung Quốc,Nữ,Kính cứng,5,1,Quartz,32
Frederique Constant,30540000,Dây satin,Thép không gỉ,Thụy Sĩ,Nữ,Kính sapphire,3,2,Quartz,30
Michael Kors,7260000,Thép không gỉ,Thép không gỉ,Mỹ,Nữ,Kính cứng,5,2,Quartz,36
Orient,4938500,Thép không gỉ,Thép không gỉ,Nhật Bản,Nam,Kính cứng,10,1,Automatic,44
Casio,570000,Dây cao su,,Nhật Bản,Nam,Kính nhựa,5,1,Quartz,43.6
Citizen,3410000,Thép không gỉ,Thép không gỉ,Nhật Bản,Nam,Kính cứng,5,1,Quartz,40.5
Citizen,8177000,Dây da,Thép không gỉ,Nhật Bản,Nam,Kính cứng,5,1,Automatic,40.2
Casio,1167000,,,Nhật Bản,Nam,Kính cứng,3,1,Quartz,40
Seiko,7857000,Thép không gỉ,Thép không gỉ,Nhật Bản,Nam,Kính hardlex,10,1,Automatic,42.5
Daniel Wellington,3667500,Thép không gỉ,Thép không gỉ,Thụy Điển,Nữ,Kính cứng,3,2,Quartz,28
Orient,15560000,Thép không gỉ,Thép không gỉ,Nhật Bản,Nam,Kính sapphire,5,1,Automatic,42
Fossil,4040000,Thép không gỉ,Thép không gỉ,Mỹ,Nữ,Kính cứng,5,2,Quartz,32
Epos Swiss,55530000,Thép không gỉ,Thép không gỉ,Thụy Sĩ,Nam,Kính sapphire,5,2,Automatic,41
Seiko,13550000,Thép không gỉ,Thép không gỉ,Nhật Bản,Nam,Kính sapphire,10,1,Automatic,41.8
Kassaw,4100000,Dây da,Thép không gỉ,Thụy Sĩ,Nam,Kính sapphire,5,2,Automatic,42
Stefano Ricci,1850000,Thép không gỉ,Thép không gỉ,Nhật Bản,Nữ,Kính sapphire,5,1,Quartz,30
Jacques Lemans,6498000,Dây da,Thép không gỉ,Áo,Nam,Kính cứng,5,2,Quartz,39
Calvin Klein,4851000,Dây da,Thép không gỉ,Thụy Sĩ,Nữ,Kính cứng,3,2,Quartz,38
Daniel Wellington,6010000,Dây da,Thép không gỉ,Thụy Điển,Nam,Kính cứng,3,2,Quartz,40
Doxa,16790000,Thép không gỉ,Thép không gỉ,Thụy Sĩ,Nam,Kính sapphire,5,2,Quartz,39
Epos Swiss,32040000,Dây da,Thép không gỉ,Thụy Sĩ,Nữ,Kính sapphire,5,2,Automatic,32
Lobinni,1850000,Thép không gỉ,Thép không gỉ,Thụy Sĩ,Nữ,Kính sapphire,3,2,Pin,28
Jacques Lemans,2583000,Dây da,Thép không gỉ,Áo,Nam,Kính hardlex,5,2,Quartz,38
Citizen,4239000,Thép không gỉ,Thép không gỉ,Trung Quốc,Nam,Kính cứng,10,1,Quartz,42
Q&Q Citizen,950400,Hợp kim Titanium,Hợp kim Titanium,Trung Quốc,Nữ,Kính cứng,3,1,Quartz,33
Olym Pianus,4880000,Thép không gỉ,Thép không gỉ,Nhật Bản,Nam,Kính sapphire,3,2,Automatic,40
Kassaw,4350000,Thép không gỉ,Thép không gỉ,Thụy Sĩ,Nam,Kính sapphire,5,2,Automatic,42
Mido,20817000,Dây da,Thép không gỉ,Thụy Sĩ,Nữ,Kính sapphire,5,2,Automatic,29
Q&Q Citizen,766800,Hợp kim Titanium,Hợp kim Titanium,Trung Quốc,Nam,Kính cứng,3,1,Quartz,43
Ogival,12680000,Thép không gỉ,Thép không gỉ,Thụy Sĩ,Nam,Kính sapphire,5,2,Automatic,nan
Casio,4286700,,,,Nam,Kính cứng,10,1,Quartz,47
Aries Gold,4212000,Thép không gỉ,Thép không gỉ,Singapore,Nữ,Kính sapphire,5,2,Quartz,28.5
Iw Carnival,4650000,Thép không gỉ,Thép không gỉ,Thụy Sĩ,Nam,Kính sapphire,3,2,Automatic,40
Philippe Auguste,6287400,Thép không gỉ,Thép không gỉ,Trung Quốc,Nam,Kính sapphire,5,2,Quartz,40
Seiko,5250000,Thép không gỉ,Thép không gỉ,Nhật Bản,Nam,Kính cứng,10,1,Quartz,42
Longines,29755800,Thép không gỉ,Thép không gỉ,Thụy Sĩ,Nam,Kính sapphire,30,2,Quartz,41
Tissot,53550000,Thép không gỉ,Thép không gỉ,Thụy Sĩ,Nữ,Kính sapphire,10,2,Automatic,35
Bruno Sohnle,15597000,Dây da,Thép không gỉ,Đức,Nam,Kính sapphire,3,2,Quartz,41.5
Seiko,5382000,Dây da,Thép không gỉ,Nhật Bản,Nam,Kính cứng,10,1,Kinentic,41
Citizen,3100000,Dây da,Thép không gỉ,Nhật Bản,Nam,Kính cứng,3,1,Quartz,25.5
Olym Pianus,4730000,Thép không gỉ,Thép không gỉ,Nhật Bản,Nam,Kính sapphire,5,2,Automatic,40
Seiko,10690000,Thép không gỉ,Thép không gỉ,Nhật Bản,Nữ,Kính sapphire,10,1,Quartz,35.5
,4720000,Thép không gỉ,Thép không gỉ,Tây Ban Nha,Nữ,Kính cứng,5,2,Quartz,28.5
Seiko,5110000,Dây da,Thép không gỉ,Nhật Bản,Nam,Kính cứng,10,1,Quartz,44.9
Longines,86680800,Dây vàng,Thép không gỉ,Thụy Sĩ,Nam,Kính sapphire,3,5,Automatic,38.5
Lobinni,4860000,Dây da,Thép không gỉ,Thụy Sĩ,Nữ,Kính sapphire,5,2,Automatic,36
Aries Gold,3802500,Thép không gỉ,Thép không gỉ,Singapore,Nam,Kính sapphire,5,2,Quartz,36
Lobinni,6750000,Dây da,Thép không gỉ,Thụy Sĩ,Nam,Kính sapphire,5,2,Automatic,41
Aries Gold,8055000,Thép không gỉ,Thép không gỉ,Singapore,Nam,Kính sapphire,5,2,Quartz,
Lobinni,5290000,Thép không gỉ,Thép không gỉ,Thụy Sĩ,Nữ,Kính sapphire,5,2,Automatic,36
Olym Pianus,4620000,Thép không gỉ,Thép không gỉ,Nhật Bản,Nam,Kính sapphire,3,2,Automatic,40
Seiko,10260000,Thép không gỉ,Thép không gỉ,Nhật Bản,Nữ,Kính cứng,5,1,Automatic,33
Olym Pianus,6330000,Thép không gỉ,Thép không gỉ,Nhật Bản,Nam,Kính sapphire,3,2,Automatic,40
Citizen,5300000,Thép không gỉ,Thép không gỉ,Nhật Bản,Nữ,Kính cứng,5,1,Eco-Drive,33.5
Citizen,9485000,Thép không gỉ,Thép không gỉ,Nhật Bản,Nữ,Kính cứng,3,1,Eco-Drive,27
Kassaw,5880000,Dây da,Thép không gỉ,Thụy Sĩ,Nữ,Kính sapphire,5,2,Automatic,33
Ogival,9230000,Thép không gỉ,Thép không gỉ,Thụy Sĩ,Nữ,Kính sapphire,3,2,Quartz,24.5
Lorbern,2860000,Dây da,Thép không gỉ,Mỹ,Nam,Kính sapphire,3,1,Automatic,42
Tissot,32760000,Thép không gỉ,Thép không gỉ,Thụy Sĩ,Nam,Kính sapphire,5,3,Automatic,39
Lobinni,1750000,Thép không gỉ,Thép không gỉ,Thụy Sĩ,Nữ,Kính sapphire,5,2,Pin,36
Orient,3450000,Thép không gỉ,Thép không gỉ,Nhật Bản,Nữ,Kính sapphire,5,1,Quartz,28
Seiko,9420000,Thép không gỉ,Thép không gỉ,Nhật Bản,Nữ,Kính cứng,5,1,Quartz,37
Citizen,6930000,Thép không gỉ,Thép không gỉ,Nhật Bản,Nam,Kính cứng,5,1,Eco-Drive,40
Doxa,18580000,Thép không gỉ,Thép không gỉ,Thụy Sĩ,Nữ,Kính sapphire,5,2,Quartz,29
Calvin Klein,7560000,Thép không gỉ,Thép không gỉ,Thụy Sĩ,Nữ,Kính cứng,3,2,Quartz,38
Lobinni,3850000,Dây da,Thép không gỉ,Thụy Sĩ,Nam,Kính sapphire,5,2,Automatic,39
Jacques Lemans,2448000,Dây da,Thép không gỉ,Áo,Nam,Kính hardlex,10,2,Quartz,38
Casio,2487000,,,Nhật Bản,Nam,Kính cứng,5,1,Quartz,43
Olym Pianus,3760000,Thép không gỉ,Thép không gỉ,Nhật Bản,Nam,Kính sapphire,3,1,Quartz,38
Olym Pianus,2330000,Dây da,Thép không gỉ,Nhật Bản,Nam,Kính sapphire,3,2,Japan movement,38
Stefano Ricci,1150000,Thép không gỉ,Thép không gỉ,Nhật Bản,Nam,Kính sapphire,5,1,Quartz,40
Q&Q Citizen,1573200,Dây cao su,Nhựa,Trung Quốc,Nam,Kính cứng,10,1,Quartz,55
Poniger,5850000,Dây da,Thép không gỉ,Trung Quốc,Nam,Kính sapphire,5,2,Automatic,41
Orient,5300000,Dây da,Thép không gỉ,Nhật Bản,Nam,Kính sapphire,5,1,Automatic,38.5
Orient,3890000,Dây da,Thép không gỉ,Nhật Bản,Nữ,Kính cứng,3,1,Quartz,30
Stuhrling,7677000,Thép không gỉ,Thép không gỉ,Trung Quốc,Nam,Kính cứng,5,2,Quartz,42
Bulova,16800000,Dây da,Thép không gỉ,Mỹ,Nam,Kính sapphire,3,3,Quartz,43
Citizen,3145000,Thép không gỉ,Thép không gỉ,Nhật Bản,Nam,Kính cứng,10,1,Quartz,42
Epos Swiss,28710000,Dây da,Thép không gỉ,Thụy Sĩ,Nam,Kính sapphire,5,2,Automatic,39
Aries Gold,11403000,Dây da,Thép không gỉ,Singapore,Nam,Kính sapphire,5,2,Automatic,43
Daniel Wellington,5195000,Thép không gỉ,Thép không gỉ,Thụy Điển,Nữ,Kính cứng,3,2,Quartz,22
Casio,799200,,,,Nữ,Kính cứng,3,1,Quartz,30
Lobinni,7350000,Dây da,Thép không gỉ,Thụy Sĩ,Nam,Kính sapphire,5,2,Automatic,43
Citizen,11180000,Thép không gỉ,Thép không gỉ,Nhật Bản,Nam,Kính sapphire,5,1,Automatic,40
Lobinni,4550000,Dây da,Thép không gỉ,Thụy Sĩ,Nam,Kính sapphire,5,2,Automatic,39
Epos Swiss,72270000,Dây da,Thép không gỉ,Thụy Sĩ,Nam,Kính sapphire,5,2,Automatic,41
Orient,4690000,Dây da,Thép không gỉ,Nhật Bản,Nữ,Kính cứng,3,1,Quartz,37
Seiko,5193500,Dây da,Thép không gỉ,Nhật Bản,Nam,Kính sapphire,10,1,Solar,40
Citizen,3985000,Thép không gỉ,Thép không gỉ,Nhật Bản,Nam,Kính cứng,5,1,Quartz,42
Tissot,12456000,Dây vàng,Thủy tinh,,Nam,Kính cứng,,nan,Automatic,nan
Hazeal,4150000,Thép không gỉ,Thép không gỉ,Thụy Sĩ,Nam,Kính sapphire,5,2,Automatic,41
Citizen,7820000,Thép không gỉ,Thép không gỉ,Nhật Bản,Nam,Kính sapphire,3,1,Eco-Drive,37
Seiko,8100000,Thép không gỉ,Thép không gỉ,Nhật Bản,Nam,Kính sapphire,10,1,Quartz,42.8
Seiko,8140000,Thép không gỉ,Thép không gỉ,Nhật Bản,Nữ,Kính sapphire,10,1,Quartz,36
Olympia Star,4020000,Dây da,Thép không gỉ,Thụy Sĩ,Nam,Kính sapphire,3,1,Quartz,36.4
Seiko,3897000,Thép không gỉ,Thép không gỉ,Nhật Bản,Nữ,Kính hardlex,5,1,Quartz,30
Citizen,11685000,Thép không gỉ,Thép không gỉ,Nhật Bản,Nữ,Kính cứng,5,1,Eco-Drive,25
,2410000,Thép không gỉ,Thép không gỉ,Pháp,Nữ,Kính cứng,3,2,Quartz,32
Citizen,3400000,Dây da,Thép không gỉ,Nhật Bản,Nữ,Kính cứng,5,1,Quartz,32
Kassaw,4660000,Thép không gỉ,Thép không gỉ,Thụy Sĩ,Nam,Kính sapphire,5,2,Automatic,39
Philippe Auguste,6507000,Thép không gỉ,Thép không gỉ,Trung Quốc,Nam,Kính sapphire,10,2,Quartz,42
Daniel Wellington,4446000,Dây dù,Thép không gỉ,Thụy Điển,Nam,Kính cứng,3,2,Quartz,40
Casio,1140000,,,Nhật Bản,Nữ,Kính nhựa,3,1,Quartz,25
Seiko,4580000,Dây da,Thép không gỉ,Nhật Bản,Nam,Kính cứng,10,1,Quartz,42
Fossil,4149000,Dây da,Thép không gỉ,Mỹ,Nam,Kính cứng,5,2,Quartz,44
Casio,1140000,Dây da,,Nhật Bản,Nam,Kính cứng,3,1,Quartz,41
Eterna,104085000,Dây da,Thép không gỉ,Thụy Sĩ,Nam,Kính sapphire,5,2,Automatic,42
Aries Gold,3330000,Dây da,Thép không gỉ,Singapore,Nam,Kính sapphire,3,2,Quartz,40
Kassaw,1580000,Dây da,Thép không gỉ,Thụy Sĩ,Nữ,Kính sapphire,5,2,Pin,30
Stuhrling,5571000,Dây da,Thép không gỉ,Trung Quốc,Nam,Kính cứng,5,2,Quartz,42
Q&Q Citizen,1069200,Hợp kim Titanium,Hợp kim Titanium,Trung Quốc,Nam,Kính cứng,5,1,Quartz,43
Orient,8000000,Thép không gỉ,Thép không gỉ,Nhật Bản,Nam,Kính cứng,5,1,Automatic,41.7
Atlantic Swiss,31851000,Dây da,Thép không gỉ,Thụy Sĩ,Nam,Kính sapphire,10,2,Automatic,42
Epos Swiss,33030000,Thép không gỉ,Thép không gỉ,Thụy Sĩ,Nam,Kính sapphire,5,2,Automatic,40
Seiko,10560000,Thép không gỉ,Thép không gỉ,Nhật Bản,Nam,Kính sapphire,10,1,Automatic,40
Longines,109968300,Thép không gỉ,Thép không gỉ,Thụy Sĩ,Nữ,Kính sapphire,3,5,Automatic,26
Epos Swiss,51120000,Thép không gỉ,Thép không gỉ,Thụy Sĩ,Nữ,Kính sapphire,3,2,Quartz,34
Citizen,5329500,Thép không gỉ,Thép không gỉ,Nhật Bản,Nữ,Kính sapphire,3,1,Eco-Drive,27
Citizen,5933000,Thép không gỉ,Thép không gỉ,Nhật Bản,Nam,Kính cứng,10,1,Eco-Drive,40
Daniel Wellington,4075000,Thép không gỉ,Thép không gỉ,Thụy Điển,Nữ,Kính cứng,3,2,Quartz,28
Orient,5070000,Thép không gỉ,Thép không gỉ,Nhật Bản,Nam,Kính cứng,3,1,Automatic,39.1
Daniel Wellington,5195000,Dây da,Thép không gỉ,Thụy Điển,Nữ,Kính cứng,3,2,Quartz,36
Orient,3621000,Thép không gỉ,Thép không gỉ,Nhật Bản,Nam,Kính cứng,5,1,Quartz,42
Casio,5454000,,,Nhật Bản,Nữ,Kính cứng,3,1,Quartz,33.2
Mini Focus,500000,Thép không gỉ,Thép không gỉ,Trung Quốc,Nữ,Kính hardlex,3,1,Pin,30
,3410000,Thép không gỉ,Thép không gỉ,Tây Ban Nha,Nữ,Kính cứng,5,2,Quartz,29
Olym Pianus,2850000,Thép không gỉ,Thép không gỉ,Nhật Bản,Nữ,Kính sapphire,3,2,Japan movement,26.5
Casio,1243000,Dây da,,Nhật Bản,Nữ,Kính cứng,5,1,Quartz,33
Daniel Wellington,3871000,Dây da,Thép không gỉ,Thụy Điển,Nữ,Kính cứng,3,2,Quartz,28
Rado,68125000,Dây da,Thép không gỉ,Thụy Sĩ,Nam,Kính sapphire,5,2,Automatic,40.3
Lobinni,4660000,Dây da,Thép không gỉ,Thụy Sĩ,Nữ,Kính sapphire,5,2,Automatic,36
Q&Q Citizen,864000,Dây cao su,Nhựa,Trung Quốc,Nam,Kính cứng,10,1,Quartz,47
Atlantic Swiss,9477000,Thép không gỉ,Thép không gỉ,Thụy Sĩ,Nữ,Kính sapphire,3,2,Quartz,28.5
Seiko,6340000,Thép không gỉ,Thép không gỉ,Nhật Bản,Nam,Kính hardlex,10,1,Quartz,40
Kassaw,4850000,Thép không gỉ,Thép không gỉ,Thụy Sĩ,Nam,Kính sapphire,5,2,Automatic,40
Freelook,2745000,Thép không gỉ,Thép không gỉ,Pháp,Nữ,Kính cứng,3,2,Quartz,30
Lobinni,1860000,Dây da,Thép không gỉ,Thụy Sĩ,Nữ,Kính sapphire,3,2,Pin,30
Candino,5370000,Thép không gỉ,Thép không gỉ,Thụy Sĩ,Nam,Kính sapphire,5,2,Quartz,41
Doxa,38290000,Thép không gỉ,Thép không gỉ,Thụy Sĩ,Nam,Kính sapphire,5,2,Automatic,40
Citizen,4200000,Thép không gỉ,Thép không gỉ,Nhật Bản,Nữ,Kính cứng,5,1,Quartz,28
Longines,41687500,Thép không gỉ,Thép không gỉ,Thụy Sĩ,Nam,Kính sapphire,3,2,Automatic,40
Casio,1310400,,,,Nữ,Kính cứng,3,1,Quartz,31
Kassaw,4160000,Thép không gỉ,Thép không gỉ,Thụy Sĩ,Nam,Kính sapphire,5,2,Automatic,40
Hazeal,3250000,Dây da,Thép không gỉ,Thụy Sĩ,Nam,Kính sapphire,5,2,Automatic,40
Seiko,2853000,Thép không gỉ,Thép không gỉ,Nhật Bản,Nam,Kính cứng,3,1,Automatic,38
Citizen,6950450,Dây da,Thép không gỉ,Nhật Bản,Nam,Kính cứng,5,1,Automatic,40
Lobinni,5350000,Dây da,Thép không gỉ,Thụy Sĩ,Nữ,Kính sapphire,5,2,Automatic,36
Mido,18738000,Dây da,Thép không gỉ,Thụy Sĩ,Nam,Kính sapphire,5,2,Automatic,29
Calvin Klein,2600000,Thép không gỉ,Thép không gỉ,Thụy Sĩ,Nam,Kính cứng,3,2,Quartz,40
Hamilton,23188000,Thép không gỉ,Thép không gỉ,Thụy Sĩ,Nam,Kính sapphire,10,2,Automatic,38
Casio,3446000,Dây cao su,Nhựa,Nhật Bản,Nam,Kính cứng,20,5,Quartz,52
Citizen,5890500,Thép không gỉ,Thép không gỉ,Nhật Bản,Nam,Kính cứng,5,1,Eco-Drive,40
Citizen,7000000,Dây da,Thép không gỉ,Nhật Bản,Nữ,Kính sapphire,5,1,Eco-Drive,27.7
Olympia Star,3180000,Dây da,Thép không gỉ,Thụy Sĩ,Nam,Kính sapphire,3,1,Quartz,39
Daniel Wellington,5195000,Dây da,Thép không gỉ,Thụy Điển,Nữ,Kính cứng,3,2,Quartz,36
Kassaw,3880000,Thép không gỉ,Thép không gỉ,Thụy Sĩ,Nam,Kính sapphire,5,2,Automatic,42
Frederique Constant,57069000,Dây da,Thép không gỉ,Thụy Sĩ,Nam,Kính sapphire,5,2,Automatic,40
Olympia Star,4330000,Thép không gỉ,Thép không gỉ,Thụy Sĩ,Nữ,Kính sapphire,3,1,Quartz,31
Frederique Constant,275944000,Dây da,Vàng,Thụy Sĩ,Nam,Kính sapphire,3,2,Automatic,42
Bruno Sohnle,14175000,Dây da,Thép không gỉ,Đức,Nam,Kính sapphire,3,2,Quartz,35.5
Casio,4343000,Dây cao su,Nhựa,Nhật Bản,Nữ,Kính cứng,10,5,Quartz,48
Lobinni,4150000,Dây da,Thép không gỉ,Thụy Sĩ,Nữ,Kính sapphire,5,2,Automatic,33.5
Olympia Star,3510000,Dây da,Thép không gỉ,Thụy Sĩ,Nam,Kính sapphire,3,2,Quartz,40
Kassaw,6350000,Thép không gỉ,Thép không gỉ,Thụy Sĩ,Nam,Kính sapphire,5,2,Automatic,39
Ogival,8010000,Dây da,Thép không gỉ,Thụy Sĩ,Nữ,Kính sapphire,3,2,Quartz,28
Teintop,2650000,Dây da,Thép không gỉ,Mỹ,Nam,Kính sapphire,3,1,Automatic,43
Freelook,2547000,Thép không gỉ,Thép không gỉ,Pháp,Nữ,Kính cứng,3,2,Quartz,30
Citizen,3685000,Thép không gỉ,Thép không gỉ,Nhật Bản,Nam,Kính cứng,5,1,Quartz,41
Ogival,8650000,Dây da,Thép không gỉ,Thụy Sĩ,Nam,Kính sapphire,3,2,Quartz,40
Lobinni,3350000,Thép không gỉ,Thép không gỉ,Thụy Sĩ,Nam,Kính sapphire,5,2,Automatic,40
Olym Pianus,8230000,Thép không gỉ,Thép không gỉ,Nhật Bản,Nam,Kính sapphire,3,1,Automatic,40
Tissot,23450000,Dây da,Thép không gỉ,Thụy Sĩ,Nam,Kính sapphire,3,2,Automatic,40
Q&Q Citizen,993600,Hợp kim Titanium,Hợp kim Titanium,Trung Quốc,Nữ,Kính cứng,3,1,Quartz,34
Citizen,6399000,Thép không gỉ,Thép không gỉ,Trung Quốc,Nam,Kính sapphire,5,1,Automatic,40
Certina,10386000,Dây da,Thép không gỉ,Thụy Sĩ,Nữ,Kính sapphire,10,2,Quartz,33
Seiko,16525000,Thép không gỉ,Thép không gỉ,Nhật Bản,Nam,Kính hardlex,5,1,Automatic,40.8
Orient,5210000,Dây da,Thép không gỉ,Nhật Bản,Nam,Kính cứng,5,1,Automatic,40
Olympia Star,4290000,Thép không gỉ,Thép không gỉ,Thụy Sĩ,Nữ,Kính sapphire,3,1,Quartz,22.730
Lobinni,3350000,Dây da,Thép không gỉ,Thụy Sĩ,Nữ,Kính sapphire,5,2,Automatic,34
Calvin Klein,6237000,Thép không gỉ,Thép không gỉ,Thụy Sĩ,Nữ,Kính cứng,3,2,Quartz,30
Seiko,8667000,Dây da,Thép không gỉ,Nhật Bản,Nam,Kính hardlex,10,1,Quartz,44
Stefano Ricci,8950000,Dây da,Thép không gỉ,Nhật Bản,Nam,Kính sapphire,5,1,Automatic,41
Citizen,2925000,Thép không gỉ,Thép không gỉ,Nhật Bản,Nam,Kính cứng,5,1,Quartz,40
Citizen,5373000,Dây da,Thép không gỉ,Trung Quốc,Nam,Kính cứng,5,1,Automatic,40
Stefano Ricci,1250000,Dây da,Thép không gỉ,Nhật Bản,Nam,Kính sapphire,5,1,Quartz,40
Jacques Lemans,2583000,Dây da,Thép không gỉ,Áo,Nam,Kính cứng,5,2,Quartz,40
Stuhrling,13707000,Thép không gỉ,Thép không gỉ,Trung Quốc,Nam,Kính cứng,10,2,Quartz,42
,5100000,,Thép không gỉ,Tây Ban Nha,Nam,Kính cứng,5,2,Quartz,39.00
Diamond D,3217500,Hợp kim Titanium,Hợp kim Titanium,Trung Quốc,Nữ,Kính sapphire,3,10,Quartz,30
Citizen,9240000,Thép không gỉ,Thép không gỉ,Nhật Bản,Nam,Kính sapphire,5,1,Eco-Drive,42
Stefano Ricci,2900000,Dây da,Thép không gỉ,Nhật Bản,Nữ,Kính sapphire,5,1,Quartz,32
Tissot,10557000,Thép không gỉ,Thép không gỉ,Thụy Sĩ,Nữ,Kính sapphire,3,2,Quartz,29.5
Longines,34930800,Thép không gỉ,Thép không gỉ,Thụy Sĩ,Nữ,Kính sapphire,3,5,Automatic,25.5
Orient,2000000,Thép không gỉ,Thép không gỉ,Nhật Bản,Nam,Kính cứng,5,1,Quartz,42
Doxa,42410000,Dây da,Thép không gỉ,Thụy Sĩ,Nữ,Kính sapphire,5,2,Automatic,32
Candino,6730000,Thép không gỉ,Thép không gỉ,Thụy Sĩ,Nam,Kính sapphire,3,2,Quartz,36
Teintop,2790000,Thép không gỉ,Thép không gỉ,Mỹ,Nam,Kính sapphire,3,1,Automatic,40
Candino,7670000,Thép không gỉ,Thép không gỉ,Thụy Sĩ,Nữ,Kính sapphire,5,2,Quartz,32
Epos Swiss,35910000,Dây da,Thép không gỉ,Thụy Sĩ,Nam,Kính sapphire,10,2,Automatic,41
Seiko,4212000,Dây da,Thép không gỉ,Nhật Bản,Nam,Kính hardlex,10,1,Quartz,45
Stefano Ricci,2300000,Thép không gỉ,Thép không gỉ,Nhật Bản,Nữ,Kính sapphire,5,1,Quartz,30
Seiko,6630000,Dây da,Thép không gỉ,Nhật Bản,Nam,Kính cứng,10,1,Quartz,43.3
Koi,3450000,Thép không gỉ,Thép không gỉ,Việt Nam,Nam,Kính sapphire,5,3,Quartz,38.5
Olym Pianus,4450000,Thép không gỉ,Thép không gỉ,Nhật Bản,Nam,Kính sapphire,3,2,Quartz,42
Epos Swiss,63000000,Thép không gỉ,Thép không gỉ,Thụy Sĩ,Nam,Kính sapphire,10,2,Automatic,43.5
Bulova,5500000,Dây da,Thép không gỉ,Mỹ,Nam,Kính cứng,3,3,Quartz,38
Seiko,9410000,Thép không gỉ,Thép không gỉ,Nhật Bản,Nam,Kính sapphire,10,1,Automatic,39.2
Doxa,28860000,Thép không gỉ,Thép không gỉ,Thụy Sĩ,Nam,Kính sapphire,10,2,Automatic,41
Carnival,3800000,Dây da,Thép không gỉ,Thụy Sĩ,Nam,Kính sapphire,3,2,Automatic,41
Epos Swiss,60840000,Dây da,Thép không gỉ,Thụy Sĩ,Nam,Kính sapphire,10,2,Automatic,39.5
Stuhrling,229500000,Dây da,Thép không gỉ,,Nam,Kính sapphire,5,2,Hand Winding,44.8
Q&Q Citizen,1177200,Hợp kim Titanium,Hợp kim Titanium,Trung Quốc,Nữ,Kính cứng,3,1,Quartz,24
Calvin Klein,4851000,Thép không gỉ,Thép không gỉ,Thụy Sĩ,Nữ,Kính cứng,3,2,Quartz,32
Lobinni,4950000,Dây da,Thép không gỉ,Thụy Sĩ,Nam,Kính sapphire,5,2,Automatic,41
Olympia Star,3220000,Dây da,Thép không gỉ,Thụy Sĩ,Nam,Kính sapphire,3,2,Quartz,36
Seiko,17160000,Thép không gỉ,Thép không gỉ,Nhật Bản,Nam,Kính sapphire,3,1,Automatic,42
Stefano Ricci,3850000,Dây da,Thép không gỉ,Nhật Bản,Nam,Kính sapphire,5,1,Automatic,40
Q&Q Citizen,540000,Dây cao su,Nhựa,Trung Quốc,Nam,Kính cứng,10,1,Quartz,38
Teintop,2780000,Dây da,Thép không gỉ,Mỹ,Nam,Kính sapphire,3,1,Automatic,40
Claude Bernard,8140000,Thép không gỉ,Thép không gỉ,Thụy Sĩ,Nam,Kính cứng,3,2,Quartz,39
Tissot,11200000,Thép không gỉ,Thép không gỉ,Thụy Sĩ,Nữ,Kính sapphire,5,2,Quartz,30
Freelook,2313000,Thép không gỉ,Thép không gỉ,Pháp,Nữ,Kính cứng,3,2,Quartz,33
Certina,11950000,Thép không gỉ,Thép không gỉ,Thụy Sĩ,Nữ,Kính sapphire,10,2,Quartz,27.5
Longines,41400000,Thép không gỉ,Thép không gỉ,Thụy Sĩ,Nữ,Kính sapphire,3,5,Automatic,26
Jacques Lemans,5715000,Dây da,Thép không gỉ,Áo,Nam,Kính hardlex,10,2,Quartz,42
Certina,18080000,Dây da,Thép không gỉ,Thụy Sĩ,Nữ,Kính sapphire,10,2,Automatic,29
Philippe Auguste,4596300,Thép không gỉ,Thép không gỉ,Trung Quốc,Nam,Kính sapphire,5,2,Quartz,42
Jacques Lemans,3366000,Thép không gỉ,Thép không gỉ,Áo,Nam,Kính hardlex,5,2,Quartz,39
Olym Pianus,6354000,Dây da,Thép không gỉ,Thụy Sĩ,Nam,Kính sapphire,3,2,Automatic,40
Seiko,5890000,Thép không gỉ,Thép không gỉ,Nhật Bản,Nam,Kính cứng,10,1,Automatic,44
Tissot,10710000,Thép không gỉ,Thép không gỉ,Thụy Sĩ,Nữ,Kính sapphire,3,2,Quartz,19.5
Philippe Auguste,5379300,Dây da,Thép không gỉ,Trung Quốc,Nam,Kính sapphire,10,2,Quartz,42
Stefano Ricci,8950000,Dây da,Thép không gỉ,Nhật Bản,Nam,Kính sapphire,5,1,Automatic,41
Citizen,8050000,Dây cao su,Thép không gỉ,Nhật Bản,Nam,Kính cứng,20,1,Automatic,42
Diamond D,5121000,Hợp kim Titanium,Hợp kim Titanium,Trung Quốc,Nữ,Kính sapphire,3,10,Quartz,32
Citizen,3520000,Thép không gỉ,Thép không gỉ,Nhật Bản,Nữ,Kính cứng,5,1,Quartz,26.5
Iw Carnival,5150000,Thép không gỉ,Thép không gỉ,Thụy Sĩ,Nam,Kính sapphire,3,2,Automatic,41
Lobinni,3680000,Dây da,Thép không gỉ,Thụy Sĩ,Nam,Kính sapphire,5,2,Automatic,40
Seiko,2853000,Thép không gỉ,Thép không gỉ,Nhật Bản,Nam,Kính cứng,3,2,Automatic,36
Doxa,14110000,Dây da,Thép không gỉ,Thụy Sĩ,Nữ,Kính sapphire,5,2,Quartz,28
Poniger,5850000,Dây da,Thép không gỉ,Trung Quốc,Nam,Kính sapphire,5,2,Automatic,41
Orient,6260000,Thép không gỉ,Thép không gỉ,Nhật Bản,Nam,Kính sapphire,10,1,Quartz,41
Longines,93456000,Dây da,Vàng,Thụy Sĩ,Nam,Kính sapphire,3,2,Quartz,26.3
Aries Gold,4482000,Gốm ceramic,Thép không gỉ,Singapore,Nữ,Kính sapphire,3,2,Quartz,30
Citizen,2677500,Thép không gỉ,Thép không gỉ,Nhật Bản,Nữ,Kính cứng,3,1,Quartz,24
Calvin Klein,6260000,Thép không gỉ,Thép không gỉ,Thụy Sĩ,Nam,Kính cứng,3,2,Quartz,42
Citizen,5785000,Thép không gỉ,Thép không gỉ,Nhật Bản,Nam,Kính cứng,5,1,Automatic,40
Citizen,7385000,Thép không gỉ,Thép không gỉ,Nhật Bản,Nam,Kính cứng,10,1,Eco-Drive,42
Philippe Auguste,4581000,Dây da,Thép không gỉ,Trung Quốc,Nam,Kính sapphire,5,2,Quartz,42
Longines,33447600,Thép không gỉ,Thép không gỉ,Thụy Sĩ,Nam,Kính sapphire,3,2,Quartz,33
,5585000,,Thép không gỉ,Nhật Bản,Nam,Kính cứng,5,1,Automatic,41
Aries Gold,6912000,Dây da,Thép không gỉ,Singapore,Nam,Kính sapphire,5,2,Automatic,42
Seiko,10550000,Thép không gỉ,Thép không gỉ,Nhật Bản,Nữ,Kính cứng,5,1,Automatic,34
Daniel Wellington,5409000,Dây da,Thép không gỉ,Thụy Điển,Nam,Kính cứng,3,2,Quartz,40
Freelook,2457000,Thép không gỉ,Thép không gỉ,Pháp,Nữ,Kính cứng,,2,Quartz,30
Tissot,21000000,Dây da,Thép không gỉ,Thụy Sĩ,Nam,Kính sapphire,3,2,Automatic,39.3
Tissot,146187000,Dây vàng,Vàng,Thụy Sĩ,Nữ,Kính sapphire,3,2,Quartz,19.5
Lobinni,6500000,Dây da,Thép không gỉ,Thụy Sĩ,Nam,Kính sapphire,5,2,Automatic,38
Freelook,1872000,Dây da,Thép không gỉ,Pháp,Nữ,Kính cứng,5,2,Quartz,34
Citizen,3700000,Thép không gỉ,Thép không gỉ,Nhật Bản,Nam,Kính cứng,5,1,Quartz,39
Seiko,7857000,Thép không gỉ,Thép không gỉ,Nhật Bản,Nam,Kính hardlex,10,1,Automatic,42.5
Kassaw,4650000,Dây da,Thép không gỉ,Thụy Sĩ,Nữ,Kính sapphire,5,2,Automatic,33
Q&Q Citizen,1501200,Thép không gỉ,Thép không gỉ,Trung Quốc,Nam,Kính cứng,5,1,Quartz,40
Tissot,19530000,Dây vàng,Thủy tinh,,Nam,Kính cứng,,nan,Automatic,nan
Citizen,4185000,Thép không gỉ,Thép không gỉ,Nhật Bản,Nữ,Kính cứng,3,1,Quartz,27.5
,6950000,Dây da,Thép không gỉ,Mỹ,Nữ,Kính cứng,5,1,Quartz,36
Casio,2773000,Dây da,,Nhật Bản,Nam,Kính cứng,5,1,Quartz,41
Longines,55630800,Dây da,Thép không gỉ,Thụy Sĩ,Nam,Kính sapphire,3,5,Automatic,38.5
Citizen,3200000,Thép không gỉ,Thép không gỉ,Nhật Bản,Nam,Kính cứng,5,1,Quartz,39
Tissot,36225000,Dây da,Vàng,Thụy Sĩ,Nữ,Kính sapphire,3,2,Quartz,26
Philippe Auguste,12502800,Thép không gỉ,Thép không gỉ,Áo,Nam,Kính sapphire,5,2,Automatic,40
Bulova,9600000,Thép không gỉ,Thép không gỉ,Mỹ,Nữ,Kính cứng,3,3,Quartz,32
Orient,11815000,Dây da,Thép không gỉ,Nhật Bản,Nam,Kính sapphire,5,1,Automatic,38.7
Doxa,23740000,Thép không gỉ,Thép không gỉ,Thụy Sĩ,Nam,Kính sapphire,3,2,Quartz,30
Casio,1373000,,,Nhật Bản,Nam,Kính nhựa,10,1,Quartz,45
Olym Pianus,5230000,Thép không gỉ,Thép không gỉ,Nhật Bản,Nam,Kính sapphire,3,1,Automatic,40
Lobinni,3850000,Thép không gỉ,Thép không gỉ,Thụy Sĩ,Nữ,Kính sapphire,5,2,Automatic,35
Aries Gold,4027500,Dây da,Thép không gỉ,Singapore,Nữ,Kính sapphire,5,2,Quartz,30
Tissot,10953000,Thép không gỉ,Thép không gỉ,Thụy Sĩ,Nữ,Kính sapphire,3,2,Quartz,27.95
Seiko,3100000,Thép không gỉ,Thép không gỉ,Nhật Bản,Nam,Kính cứng,10,1,Quartz,41
Citizen,7485000,Thép không gỉ,Thép không gỉ,Nhật Bản,Nữ,Kính cứng,5,1,Eco-Drive,29.7
Citizen,3195000,Thép không gỉ,Thép không gỉ,Trung Quốc,Nữ,Kính cứng,5,1,Quartz,24
Orient,12850000,Thép không gỉ,Thép không gỉ,Nhật Bản,Nam,Kính cứng,3,1,Automatic,41.5
Freelook,2570000,Thép không gỉ,Thép không gỉ,Pháp,Nữ,Kính cứng,3,2,Quartz,35
Philippe Auguste,6773400,Thép không gỉ,Thép không gỉ,Trung Quốc,Nam,Kính sapphire,10,2,Quartz,42
,6950000,Dây da,Thép không gỉ,Mỹ,Nam,Kính cứng,5,1,Quartz,42
Rado,29375000,Thép không gỉ,Thép không gỉ,Thụy Sĩ,Nữ,Kính sapphire,3,2,Quartz,28
Jacques Lemans,5193000,Dây da,Thép không gỉ,Áo,Nam,Kính cứng,5,2,Quartz,42
Orient,5990000,Dây da,Thép không gỉ,Nhật Bản,Nữ,Kính cứng,5,1,Quartz,35
Diamond D,4320000,Dây da,Thép không gỉ,Áo,Nữ,Kính sapphire,5,10,Quartz,30
Olym Pianus,4820000,Thép không gỉ,Thép không gỉ,Nhật Bản,Nam,Kính sapphire,5,2,Automatic,42
Philippe Auguste,5677200,Thép không gỉ,Thép không gỉ,Trung Quốc,Nam,Kính sapphire,5,2,Quartz,42
Epos Swiss,30510000,Dây da,Thép không gỉ,Thụy Sĩ,Nam,Kính sapphire,5,2,Automatic,40
Iw Carnival,1250000,Thép không gỉ,Thép không gỉ,Thụy Sĩ,Nam,Kính sapphire,3,2,Pin,40
Epos Swiss,68670000,Thép không gỉ,Thép không gỉ,Thụy Sĩ,Nam,Kính sapphire,5,2,Automatic,41.7
Orient,6540000,Dây da,Thép không gỉ,Nhật Bản,Nam,Kính cứng,5,1,Automatic,40
Orient,9710000,Thép không gỉ,Thép không gỉ,Nhật Bản,Nam,Kính cứng,20,1,Automatic,43.8
Citizen,3000000,Thép không gỉ,Thép không gỉ,Nhật Bản,Nam,Kính cứng,5,1,Quartz,38
Seiko,11280000,Thép không gỉ,Thép không gỉ,Nhật Bản,Nam,Kính cứng,5,1,Automatic,40.5
Bruno Sohnle,17802000,Thép không gỉ,Thép không gỉ,Đức,Nam,Kính sapphire,3,2,Quartz,41.5
Maurice Lacroix,20475000,Dây cao su,Thép không gỉ,Thụy Sĩ,Nam,Kính sapphire,10,2,Quartz,40
Q&Q Citizen,1080000,Dây nhựa,Nhựa,Trung Quốc,Nam,Kính cứng,10,1,Quartz,48
Seiko,18634500,Thép không gỉ,Thép không gỉ,Nhật Bản,Nam,Kính sapphire,10,1,Kinentic,41.5
Jacques Lemans,7803000,Gốm ceramic,Thép không gỉ,Áo,Nữ,Kính sapphire,5,2,Quartz,32
Casio,4343000,Dây cao su,Nhựa,Nhật Bản,Nữ,Kính cứng,10,5,Quartz,46.3
Stefano Ricci,2000000,Dây da,Thép không gỉ,Nhật Bản,Nữ,Kính sapphire,5,1,Quartz,30
Citizen,7370000,Dây da,Thép không gỉ,Nhật Bản,,Kính cứng,3,1,Quartz,40
Citizen,13387500,Thép không gỉ,Thép không gỉ,Nhật Bản,Nam,Kính sapphire,5,1,Automatic,41
Seiko,8890000,Dây da,Thép không gỉ,Nhật Bản,Nam,Kính hardlex,10,1,Solar,43
Longines,35640000,Thép không gỉ,Thép không gỉ,Thụy Sĩ,Nam,Kính sapphire,30,2,Quartz,41.00
Seiko,7857000,Thép không gỉ,Thép không gỉ,Nhật Bản,Nam,Kính hardlex,10,1,Automatic,42.5
Kassaw,5800000,Thép không gỉ,Thép không gỉ,Thụy Sĩ,Nam,Kính sapphire,5,2,Automatic,40
Kassaw,4650000,Dây da,Thép không gỉ,Thụy Sĩ,Nữ,Kính sapphire,5,2,Automatic,34
Q&Q Citizen,1845000,Thép không gỉ,Thép không gỉ,Trung Quốc,Nữ,Kính cứng,5,1,Quartz,30
Citizen,8550000,Thép không gỉ,Thép không gỉ,Nhật Bản,Nam,Kính cứng,10,1,Eco-Drive,42.9
Stuhrling,12627000,Dây da,Thép không gỉ,Trung Quốc,Nam,Kính cứng,5,2,Quartz,42
Citizen,3411000,Dây dù,Thép không gỉ,Trung Quốc,Nam,Kính cứng,10,1,Quartz,42
Orient,2805000,Dây da,Thép không gỉ,Nhật Bản,Nam,Kính cứng,5,1,Quartz,42
Q&Q Citizen,540000,Dây nhựa,Nhựa,Trung Quốc,Nam,Kính cứng,10,1,Quartz,33
Daniel Wellington,5821200,Thép không gỉ,Thép không gỉ,Thụy Điển,Nam,Kính cứng,3,2,Quartz,40
Daniel Wellington,5195000,Thép không gỉ,Thép không gỉ,Thụy Điển,Nữ,Kính cứng,3,2,Quartz,32
Atlantic Swiss,9090000,Thép không gỉ,Thép không gỉ,Thụy Sĩ,Nam,Kính sapphire,5,2,Quartz,40
Casio,1710900,,,Trung Quốc,Nam,Kính cứng,5,1,Quartz,40
Stuhrling,12096000,Dây da,Thép không gỉ,Trung Quốc,Nam,Kính cứng,5,2,Quartz,42
Kassaw,4780000,Thép không gỉ,Thép không gỉ,Thụy Sĩ,Nữ,Kính sapphire,5,2,Automatic,34
Citizen,13100000,Thép không gỉ,Thép không gỉ,Nhật Bản,Nữ,Kính sapphire,10,1,Eco-Drive,33.5
Orient,5880000,Dây da,Thép không gỉ,Nhật Bản,Nam,Kính cứng,5,1,Automatic,41.6
Citizen,5950000,Thép không gỉ,Thép không gỉ,Nhật Bản,Nữ,Kính sapphire,5,1,Eco-Drive,29.4
Aries Gold,11403000,Dây da,Thép không gỉ,Singapore,Nam,Kính sapphire,5,2,Automatic,43
Doxa,42410000,Thép không gỉ,Thép không gỉ,Thụy Sĩ,Nam,Kính sapphire,10,2,Automatic,41
Q&Q Citizen,1317600,Hợp kim Titanium,Hợp kim Titanium,Trung Quốc,Nam,Kính cứng,5,1,Quartz,44
Iw Carnival,3950000,Dây da,Thép không gỉ,Thụy Sĩ,Nữ,Kính sapphire,3,2,Automatic,35
Philippe Auguste,6616800,Thép không gỉ,Thép không gỉ,Trung Quốc,Nam,Kính sapphire,10,2,Quartz,42
Casio,4663800,Dây nhựa,Nhựa,Nhật Bản,Nam,Kính cứng,20,5,Quartz,49.5
Lobinni,7350000,Dây da,Thép không gỉ,Thụy Sĩ,Nam,Kính sapphire,5,2,Automatic,43
Orient,6330000,Dây da,Thép không gỉ,Nhật Bản,Nam,Kính cứng,5,1,Automatic,41.6
Citizen,5121000,Thép không gỉ,Thép không gỉ,Trung Quốc,Nam,Kính cứng,10,1,Quartz,42
Leonidas,1850000,Dây da,Thép không gỉ,Trung Quốc,Nữ,Kính sapphire,3,2,Pin,32
Citizen,3582000,Thép không gỉ,Thép không gỉ,Trung Quốc,Nữ,Kính cứng,3,1,Quartz,24
Casio,907000,,,Nhật Bản,Nam,Kính cứng,3,1,Quartz,37
Tissot,17325000,Thép không gỉ,Thép không gỉ,Thụy Sĩ,Nam,Kính sapphire,10,2,Automatic,39
Diamond D,5310000,Thép không gỉ,Thép không gỉ,Áo,Nữ,Kính sapphire,5,10,Quartz,30
Seiko,5270000,Dây da,Thép không gỉ,Nhật Bản,Nữ,Kính cứng,3,1,Quartz,19.3
Lobinni,4860000,Dây da,Thép không gỉ,Thụy Sĩ,Nam,Kính sapphire,5,2,Automatic,41
Freelook,2430000,Thép không gỉ,Thép không gỉ,Pháp,Nữ,Kính cứng,5,2,Quartz,34
Orient,5430000,Thép không gỉ,Thép không gỉ,Nhật Bản,Nam,Kính sapphire,5,1,Quartz,40
Kassaw,4520000,Thép không gỉ,Thép không gỉ,Thụy Sĩ,Nam,Kính sapphire,5,2,Automatic,40
Seiko,8060000,Thép không gỉ,Thép không gỉ,Nhật Bản,Nam,Kính cứng,10,1,Solar,43.2
Jacques Lemans,3627000,Thép không gỉ,Thép không gỉ,Áo,Nữ,Kính hardlex,5,2,Quartz,36
Stuhrling,5319000,Dây da,Thép không gỉ,Trung Quốc,Nữ,Kính cứng,5,2,Quartz,36
Q&Q Citizen,1015200,Dây cao su,Nhựa,Trung Quốc,Nam,Kính cứng,10,1,Quartz,38
Seiko,7320000,Thép không gỉ,Thép không gỉ,Nhật Bản,Nam,Kính hardlex,5,1,Solar,25
Bulova,18200000,Thép không gỉ,Thép không gỉ,Mỹ,Nam,Kính sapphire,3,3,Quartz,43
Orient,4800000,Dây da,Thép không gỉ,Nhật Bản,Nam,Kính cứng,3,1,Quartz,40.5
Epos Swiss,22050000,Dây da,Thép không gỉ,Thụy Sĩ,Nam,Kính sapphire,5,2,Automatic,39
Citizen,5585000,Dây da,Thép không gỉ,Nhật Bản,Nam,Kính cứng,5,1,Automatic,40
Seiko,10670000,Dây da,Thép không gỉ,Nhật Bản,Nữ,Kính sapphire,3,1,Quartz,30.5
Doxa,18720000,Thép không gỉ,Thép không gỉ,Thụy Sĩ,Nữ,Kính sapphire,5,2,Quartz,29
Longines,72450000,Dây da,Thép không gỉ,Thụy Sĩ,Nam,Kính sapphire,3,5,Automatic,40
Diamond D,6147000,Hợp kim Titanium,Hợp kim Titanium,Trung Quốc,Nữ,Kính sapphire,3,10,Quartz,28
Aries Gold,7452000,Thép không gỉ,Thép không gỉ,Singapore,Nam,Kính sapphire,5,2,Automatic,37
Kassaw,3550000,Thép không gỉ,Thép không gỉ,Thụy Sĩ,Nam,Kính sapphire,5,2,Automatic,39
Seiko,7660000,Dây vải,Thép không gỉ,Nhật Bản,Nam,Kính cứng,10,1,Automatic,42.5
Orient,2703000,Dây da,Thép không gỉ,Nhật Bản,Nam,Kính cứng,5,1,Automatic,42
Seiko,14680000,Thép không gỉ,Thép không gỉ,Nhật Bản,Nam,Kính sapphire,10,1,Solar,44.2
Orient,10770000,Thép không gỉ,Thép không gỉ,Nhật Bản,Nam,Kính sapphire,5,1,Automatic,41.5
Casio,1510200,,,,Nam,Kính nhựa,3,1,Quartz,35
Frederique Constant,33640000,Thép không gỉ,Thép không gỉ,Thụy Sĩ,Nữ,Kính sapphire,3,2,Quartz,28
Bruno Sohnle,12447000,Thép không gỉ,Thép không gỉ,Đức,Nữ,Kính sapphire,3,2,Quartz,28
Citizen,3995000,Thép không gỉ,Thép không gỉ,Nhật Bản,Nữ,Kính cứng,3,1,Quartz,14
Frederique Constant,149270000,Dây da,Vàng,Thụy Sĩ,Nữ,Kính sapphire,3,2,Quartz,30
Kassaw,5480000,Thép không gỉ,Thép không gỉ,Thụy Sĩ,Nữ,Kính sapphire,5,2,Automatic,32
Kassaw,3950000,Thép không gỉ,Thép không gỉ,Thụy Sĩ,Nam,Kính sapphire,5,2,Automatic,39
Seiko,4450500,Thép không gỉ,Thép không gỉ,Nhật Bản,Nam,Kính cứng,5,1,Quartz,39
,5600000,Dây da,Thép không gỉ,Nhật Bản,Nữ,Kính cứng,5,1,Eco-Drive,38
Kassaw,6500000,Dây da,Thép không gỉ,Thụy Sĩ,Nam,Kính sapphire,5,2,Automatic,39
Seiko,4065000,Thép không gỉ,Thép không gỉ,Nhật Bản,Nữ,Kính cứng,5,1,Quartz,30
Citizen,2771000,Dây da,Thép không gỉ,Nhật Bản,Nữ,Kính cứng,3,1,Quartz,35
Olym Pianus,3180000,Thép không gỉ,Thép không gỉ,Nhật Bản,Nữ,Kính sapphire,3,2,Japan movement,24
Orient,5397500,Thép không gỉ,Thép không gỉ,Nhật Bản,Nam,Kính sapphire,10,1,Automatic,37
Casio,3176100,,,,Nam,Kính cứng,10,1,Quartz,47
Citizen,3357500,Thép không gỉ,Thép không gỉ,Nhật Bản,Nữ,Kính cứng,3,1,Quartz,15
Lobinni,4250000,Thép không gỉ,Thép không gỉ,Thụy Sĩ,Nữ,Kính sapphire,5,2,Pin,33.5
Atlantic Swiss,12654000,Thép không gỉ,Thép không gỉ,Thụy Sĩ,Nam,Kính sapphire,5,2,Quartz,44
Epos Swiss,38340000,Thép không gỉ,Thép không gỉ,Thụy Sĩ,Nam,Kính sapphire,5,2,Automatic,41
Kassaw,4780000,Thép không gỉ,Thép không gỉ,Thụy Sĩ,Nữ,Kính sapphire,5,2,Automatic,34
Orient,9590000,Thép không gỉ,Thép không gỉ,Nhật Bản,Nam,Kính cứng,10,1,Automatic,43
Citizen,3411000,Thép không gỉ,Thép không gỉ,Trung Quốc,Nam,Kính cứng,5,1,Quartz,39
,6760000,Thép không gỉ,Thép không gỉ,Mỹ,Nữ,Kính cứng,3,1,Quartz,39
Michael Kors,8496000,Thép không gỉ,Thép không gỉ,Mỹ,Nữ,Kính cứng,5,2,Quartz,39
Citizen,4600000,Dây da,Thép không gỉ,Nhật Bản,Nam,Kính cứng,5,1,Eco-Drive,40.5
Tissot,12250000,Dây da,Thép không gỉ,Thụy Sĩ,Nữ,Kính sapphire,3,2,Quartz,25
Michael Kors,7210000,Dây da,Thép không gỉ,Mỹ,Nữ,Kính cứng,3,2,Quartz,33
Lobinni,6750000,Dây da,Thép không gỉ,Thụy Sĩ,Nam,Kính sapphire,5,2,Automatic,41
Seiko,12173000,Thép không gỉ,Thép không gỉ,Nhật Bản,Nam,Kính hardlex,5,1,Automatic,38.5
Atlantic Swiss,24435000,Thép không gỉ,Thép không gỉ,Thụy Sĩ,Nam,Kính sapphire,5,2,Automatic,42
Seiko,7953300,Thép không gỉ,Thép không gỉ,Nhật Bản,Nam,Kính sapphire,10,1,Automatic,40
Ogival,6610000,Thép không gỉ,Thép không gỉ,Thụy Sĩ,Nam,Kính sapphire,3,2,Quartz,nan
Seiko,12950000,Thép không gỉ,Thép không gỉ,Nhật Bản,Nam,Kính hardlex,5,1,Automatic,40.5
Orient,11670500,Thép không gỉ,Thép không gỉ,Nhật Bản,Nam,Kính sapphire,20,1,Automatic,45
Seiko,3870000,Thép không gỉ,Thép không gỉ,Nhật Bản,Nam,Kính cứng,3,1,Automatic,38
Seiko,7980000,Thép không gỉ,Thép không gỉ,Nhật Bản,Nam,Kính sapphire,10,1,Solar,42.8
Olym Pianus,6651000,Thép không gỉ,Thép không gỉ,Thụy Sĩ,Nam,Kính sapphire,3,2,Automatic,40
Certina,19010000,Dây da,Thép không gỉ,Thụy Sĩ,Nam,Kính sapphire,20,2,Automatic,41
Citizen,4020500,Thép không gỉ,Thép không gỉ,Nhật Bản,Nữ,Kính cứng,3,1,Quartz,26
Orient,10625000,Dây vàng,Thủy tinh,,Nam,Kính cứng,,nan,Automatic,nan
Seiko,11940000,Thép không gỉ,Thép không gỉ,Nhật Bản,Nam,Kính hardlex,20,1,Automatic,45
Candino,6365000,Dây da,Thép không gỉ,Thụy Sĩ,Nam,Kính sapphire,5,2,Automatic,40
Mido,23355000,Thép không gỉ,Thép không gỉ,Thụy Sĩ,Nữ,Kính sapphire,5,2,Automatic,33
Citizen,13860000,Dây da,Hợp kim Titanium,Nhật Bản,Nữ,Kính sapphire,5,1,Eco-Drive,31
Lobinni,4100000,Dây da,Thép không gỉ,Thụy Sĩ,Nam,Kính sapphire,5,2,Automatic,39.5
Tissot,18900000,Dây vàng,Thủy tinh,,Nam,Kính cứng,,nan,Automatic,nan
Citizen,5880000,Thép không gỉ,Thép không gỉ,Nhật Bản,Nữ,Kính cứng,3,1,Quartz,28
Orient,3080000,Thép không gỉ,Thép không gỉ,Nhật Bản,Nam,Kính thường,5,1,Quartz,36
Daniel Wellington,4940000,Dây vải,Thép không gỉ,Thụy Điển,Nam,Kính cứng,3,2,Quartz,40
Longines,104793300,Dây da,Thép không gỉ,Thụy Sĩ,Nữ,Kính sapphire,3,2,Quartz,23.3
Aries Gold,6162750,Gốm ceramic,Thép không gỉ,Singapore,Nữ,Kính sapphire,3,2,Quartz,25.5
Rado,26500000,Thép không gỉ,Thép không gỉ,Thụy Sĩ,Nam,Kính sapphire,3,2,Quartz,38
Tissot,14175000,Dây vàng,Thủy tinh,,Nam,Kính cứng,,nan,Automatic,nan
Citizen,7174000,Thép không gỉ,Thép không gỉ,Nhật Bản,Nam,Kính sapphire,10,1,Automatic,41
Atlantic Swiss,16335000,Dây da,Thép không gỉ,Thụy Sĩ,Nữ,Kính sapphire,5,2,Quartz,36
Fossil,14280000,Thép không gỉ,Thép không gỉ,Mỹ,Nam,Kính sapphire,5,2,Automatic,43
Seiko,5967000,Thép không gỉ,Thép không gỉ,Nhật Bản,Nam,Kính hardlex,10,1,Automatic,44
Citizen,5500000,Dây da,Thép không gỉ,Nhật Bản,Nam,Kính cứng,5,1,Automatic,41
Casio,2937000,Dây cao su,Nhựa,Nhật Bản,Nữ,Kính cứng,10,1,Quartz,42.1
Orient,5070000,Thép không gỉ,Thép không gỉ,Nhật Bản,Nam,Kính cứng,3,1,Automatic,39
Jacques Lemans,6498000,Thép không gỉ,Thép không gỉ,Áo,Nam,Kính hardlex,10,2,Quartz,41
Seiko,6255000,Dây dù,Thép không gỉ,Nhật Bản,Nam,Kính hardlex,10,1,Automatic,39.4
Casio,1296000,,,Nhật Bản,Nữ,Kính nhựa,3,1,Quartz,38.9
Bulova,13300000,Thép không gỉ,Thép không gỉ,Mỹ,Nam,Kính cứng,3,3,Quartz,43
Lobinni,5280000,Dây da,Thép không gỉ,Thụy Sĩ,Nam,Kính sapphire,5,2,Automatic,42
Epos Swiss,33930000,Dây da,Thép không gỉ,Thụy Sĩ,Nam,Kính sapphire,3,2,Automatic,38.5
Certina,19010000,Dây da,Thép không gỉ,Thụy Sĩ,Nữ,Kính sapphire,10,2,Automatic,29
Aries Gold,2227500,Dây da,Thép không gỉ,Singapore,Nam,Kính cứng,3,2,Quartz,40
Atlantic Swiss,8262000,Dây da,Thép không gỉ,Thụy Sĩ,Nam,Kính sapphire,5,2,Quartz,40
Casio,2203000,,,Nhật Bản,Nam,Kính nhựa,10,1,Quartz,49.6
Atlantic Swiss,29403000,Dây da,Thép không gỉ,Thụy Sĩ,Nam,Kính sapphire,5,2,Automatic,42
Orient,3270000,Dây da,Thép không gỉ,Nhật Bản,Nam,Kính cứng,5,1,Quartz,42
Bulova,10000000,Thép không gỉ,Thép không gỉ,Mỹ,Nữ,Kính cứng,3,3,Quartz,27
Epos Swiss,38070000,Thép không gỉ,Thép không gỉ,Thụy Sĩ,Nữ,Kính sapphire,5,2,Automatic,34
Citizen,5760000,Thép không gỉ,Thép không gỉ,Nhật Bản,Nam,Kính cứng,50,1,Eco-Drive,40
Frederique Constant,13130000,Dây da,Thép không gỉ,Thụy Sĩ,Nam,Kính sapphire,3,2,Quartz,39
Daniel Wellington,4737000,Thép không gỉ,Thép không gỉ,Thụy Điển,Nữ,Kính cứng,3,2,Quartz,32
Lobinni,4480000,Thép không gỉ,Thép không gỉ,Thụy Sĩ,Nam,Kính sapphire,5,2,Automatic,41
Lobinni,1800000,Dây da,Thép không gỉ,Thụy Sĩ,Nữ,Kính sapphire,3,2,Pin,34
Seiko,4374000,Thép không gỉ,Thép không gỉ,Nhật Bản,Nam,Kính sapphire,10,1,Quartz,36
Teintop,1750000,Dây da,Thép không gỉ,Mỹ,Nam,Kính sapphire,3,1,Pin,40
Atlantic Swiss,7839000,Dây da,Thép không gỉ,Thụy Sĩ,Nam,Kính sapphire,5,2,Quartz,42
Ogival,9700000,Thép không gỉ,Thép không gỉ,Thụy Sĩ,Nam,Kính sapphire,3,2,Quartz,nan
Jacques Lemans,3888000,Dây da,Thép không gỉ,Áo,Nam,,10,2,Quartz,41
Longines,35796000,Thép không gỉ,Thép không gỉ,Thụy Sĩ,Nữ,Kính sapphire,3,2,Quartz,25
Longines,32343300,Thép không gỉ,Thép không gỉ,Thụy Sĩ,Nam,Kính sapphire,30,5,Automatic,41
Lobinni,3550000,Dây da,Thép không gỉ,Thụy Sĩ,Nữ,Kính sapphire,5,2,Automatic,36
Tissot,56000000,Thép không gỉ,Thép không gỉ,Thụy Sĩ,Nam,Kính sapphire,10,2,Automatic,42
Lobinni,4280000,Dây da,Thép không gỉ,Thụy Sĩ,Nam,Kính sapphire,5,2,Automatic,41
Seiko,5310000,Dây da,Thép không gỉ,Nhật Bản,Nam,Kính cứng,10,1,Quartz,44
Seiko,6000000,Dây cao su,Thép không gỉ,Nhật Bản,Nam,Kính cứng,10,1,Automatic,46
Seiko,5850000,Thép không gỉ,Thép không gỉ,Nhật Bản,Nữ,Kính hardlex,5,1,Quartz,30
Lobinni,3150000,Thép không gỉ,Thép không gỉ,Thụy Sĩ,Nữ,Kính sapphire,5,2,Automatic,34
Aries Gold,2677500,Thép không gỉ,Thép không gỉ,Singapore,Nam,Kính cứng,3,2,Quartz,40
Seiko,7490000,Dây da,Thép không gỉ,Nhật Bản,Nam,Kính cứng,10,1,Kinentic,44
Daniel Wellington,5409000,Dây da,Thép không gỉ,Thụy Điển,Nam,Kính cứng,3,2,Quartz,40
Certina,11169000,Thép không gỉ,Thép không gỉ,Thụy Sĩ,Nữ,Kính sapphire,10,2,Quartz,33
Q&Q Citizen,766800,Hợp kim Titanium,Hợp kim Titanium,Trung Quốc,Nữ,Kính cứng,3,1,Quartz,30
Olym Pianus,8550000,Thép không gỉ,Thép không gỉ,Nhật Bản,Nam,Kính sapphire,3,2,Automatic,40
Seiko,12240000,Thép không gỉ,Thép không gỉ,Nhật Bản,Nữ,Kính sapphire,10,1,Solar,33.9
Philippe Auguste,3954600,Dây da,Thép không gỉ,Trung Quốc,Nam,Kính sapphire,5,2,Quartz,42
Lobinni,5350000,Thép không gỉ,Thép không gỉ,Thụy Sĩ,Nam,Kính sapphire,5,2,Automatic,42
Seiko,6270000,Thép không gỉ,Thép không gỉ,Nhật Bản,Nam,Kính cứng,10,1,Quartz,45
Daniel Wellington,3850200,Dây da,Thép không gỉ,Thụy Điển,Nữ,Kính cứng,3,2,Quartz,32
Stuhrling,10458000,Dây da,Thép không gỉ,Trung Quốc,Nam,Kính cứng,5,2,Quartz,42
Freelook,1750000,Thép không gỉ,Thép không gỉ,Pháp,Nữ,Kính cứng,5,2,Quartz,35
Citizen,6700000,Dây cao su,Thép không gỉ,Nhật Bản,Nam,Kính cứng,20,1,Automatic,40
Seiko,12950000,Thép không gỉ,Thép không gỉ,Nhật Bản,Nam,Kính hardlex,5,1,Automatic,40.5
Epos Swiss,29700000,Dây da,Thép không gỉ,Thụy Sĩ,Nam,Kính sapphire,10,2,Automatic,43
Olym Pianus,3987000,Hợp kim Titanium,Thép không gỉ,Thụy Sĩ,Nam,Kính sapphire,3,2,Automatic,35
,5100000,Thép không gỉ,Thép không gỉ,Tây Ban Nha,Nam,Kính cứng,5,2,Quartz,43
Olym Pianus,3180000,Thép không gỉ,Thép không gỉ,Nhật Bản,Nữ,Kính sapphire,3,2,Japan movement,24
Hazeal,2990000,Dây da,Thép không gỉ,Thụy Sĩ,Nữ,Kính sapphire,3,2,Automatic,36
Orient,7800000,Thép không gỉ,Thép không gỉ,Nhật Bản,Nam,Kính cứng,5,1,Automatic,41.7
Seiko,3680000,Dây da,Thép không gỉ,Nhật Bản,Nữ,Kính cứng,3,1,Quartz,26
Citizen,3995000,Thép không gỉ,Thép không gỉ,Nhật Bản,Nam,Kính cứng,10,1,Quartz,40
Citizen,5695000,Thép không gỉ,Thép không gỉ,Nhật Bản,Nữ,Kính cứng,3,1,Eco-Drive,23
,9480000,Thép không gỉ,Thép không gỉ,Tây Ban Nha,Nam,Kính cứng,10,2,Quartz,44
Orient,19500000,Thép không gỉ,Thép không gỉ,Nhật Bản,Nam,Kính sapphire,10,1,Automatic,39.5
Saga,5920000,Thép không gỉ,Thép không gỉ,Mỹ,Nữ,Kính cứng,3,2,Quartz,22.5
Orient,11220000,Thép không gỉ,Thép không gỉ,Nhật Bản,Nam,Kính sapphire,20,1,Automatic,41.8
Iw Carnival,4710000,Thép không gỉ,Thép không gỉ,Thụy Sĩ,Nam,Kính sapphire,3,2,Automatic,41
Orient,3740000,Thép không gỉ,Thép không gỉ,Nhật Bản,Nam,Kính cứng,5,1,Automatic,42
Tissot,11025000,Dây da,Thép không gỉ,Thụy Sĩ,Nam,Kính sapphire,3,2,Quartz,49
Stefano Ricci,2850000,Dây da,Thép không gỉ,Nhật Bản,Nữ,Kính sapphire,5,1,Quartz,34
Ogival,7960000,Thép không gỉ,Thép không gỉ,Thụy Sĩ,Nữ,Kính sapphire,3,2,Quartz,30
Casio,3265200,Dây nhựa,Nhựa,Nhật Bản,Nam,Kính cứng,20,5,Quartz,45.4
Daniel Wellington,5195000,Dây da,Thép không gỉ,Thụy Điển,Nữ,Kính cứng,3,2,Quartz,36
Seiko,16425000,Dây da,Thép không gỉ,Nhật Bản,Nữ,Kính hardlex,5,1,Automatic,33.8
Freelook,1850000,Thép không gỉ,Thép không gỉ,Pháp,Nữ,Kính cứng,5,2,Quartz,35
Kassaw,4100000,Thép không gỉ,Thép không gỉ,Thụy Sĩ,Nam,Kính sapphire,5,2,Automatic,39
Orient,8960000,Thép không gỉ,Thép không gỉ,Nhật Bản,Nam,Kính sapphire,5,1,Automatic,40
Casio,1243000,Dây da,,Nhật Bản,Nam,Kính cứng,3,1,Quartz,41
Doxa,36970000,Thép không gỉ,Thép không gỉ,Thụy Sĩ,Nam,Kính sapphire,3,2,Automatic,41
Orient,5900000,Dây da,Thép không gỉ,Nhật Bản,Nam,Kính cứng,5,1,Quartz,44
Seiko,6220000,Dây da,Thép không gỉ,Nhật Bản,Nam,Kính cứng,10,1,Quartz,42
Lobinni,3950000,Thép không gỉ,Thép không gỉ,Thụy Sĩ,Nữ,Kính sapphire,5,2,Automatic,34
Orient,2881500,Thép không gỉ,Thép không gỉ,Nhật Bản,Nam,Kính cứng,3,1,Quartz,33
Citizen,6400000,Thép không gỉ,Thép không gỉ,Nhật Bản,Nữ,Kính cứng,5,1,Eco-Drive,34
Saga,7920000,Thép không gỉ,Thép không gỉ,Mỹ,Nữ,Kính cứng,3,2,Quartz,30
Stefano Ricci,7450000,Dây da,Thép không gỉ,Nhật Bản,Nam,Kính sapphire,5,1,Automatic,42
Kassaw,5750000,Thép không gỉ,Thép không gỉ,Thụy Sĩ,Nam,Kính sapphire,5,2,Automatic,42
Bruno Sohnle,12447000,Dây da,Thép không gỉ,Đức,Nam,Kính sapphire,5,2,Quartz,38.3
Certina,18080000,Dây da,Thép không gỉ,Thụy Sĩ,Nữ,Kính sapphire,10,2,Automatic,29
Q&Q Citizen,1360800,Hợp kim Titanium,Hợp kim Titanium,Trung Quốc,Nam,Kính cứng,3,1,Quartz,41
Q&Q Citizen,1501200,Thép không gỉ,Thép không gỉ,Trung Quốc,Nam,Kính cứng,5,1,Quartz,40
Citizen,7800000,Dây da,Thép không gỉ,Nhật Bản,Nam,Kính cứng,10,1,Eco-Drive,43
Lobinni,5350000,Dây da,Thép không gỉ,Thụy Sĩ,Nữ,Kính sapphire,5,2,Automatic,36
Stefano Ricci,2250000,Thép không gỉ,Thép không gỉ,Nhật Bản,Nữ,Kính sapphire,5,1,Quartz,30
Philippe Auguste,16570800,Thép không gỉ,Thép không gỉ,,Nam,Kính sapphire,,2,Quartz,nan
Stefano Ricci,5000000,Thép không gỉ,Thép không gỉ,Nhật Bản,Nam,Kính sapphire,5,1,Automatic,40
Atlantic Swiss,12582000,Dây da,Thép không gỉ,Thụy Sĩ,Nam,Kính sapphire,5,2,Quartz,42
Festina,3900000,Dây da,Thép không gỉ,Thụy Sĩ,Nữ,Kính sapphire,10,2,Quartz,29
Olym Pianus,4761000,Thép không gỉ,Thép không gỉ,Thụy Sĩ,Nam,Kính sapphire,5,2,Automatic,40
Stefano Ricci,4650000,Thép không gỉ,Thép không gỉ,Nhật Bản,Nam,Kính sapphire,5,1,Automatic,40
Olympia Star,3500000,Thép không gỉ,Thép không gỉ,Nhật Bản,Nam,Kính sapphire,3,2,Quartz,38
Seiko,5715000,Dây da,Thép không gỉ,Nhật Bản,Nam,Kính hardlex,10,1,Quartz,42
Citizen,7800000,Dây da,Thép không gỉ,Nhật Bản,Nam,Kính cứng,10,1,Eco-Drive,43
Seiko,10557000,Thép không gỉ,Thép không gỉ,Nhật Bản,Nam,Kính sapphire,10,1,Automatic,40
Q&Q Citizen,885600,Dây cao su,Nhựa,Trung Quốc,Nam,Kính cứng,10,1,Quartz,47
Citizen,8090000,Thép không gỉ,Thép không gỉ,Nhật Bản,Nam,Kính cứng,10,1,Eco-Drive,44
Poniger,5680000,Dây da,Thép không gỉ,Trung Quốc,Nam,Kính sapphire,5,2,Automatic,41.5
Seiko,16525000,Thép không gỉ,Thép không gỉ,Nhật Bản,Nam,Kính hardlex,5,1,Automatic,40.8
Jacques Lemans,10440000,Dây da,Thép không gỉ,Áo,Nam,Kính cứng,5,2,Automatic,40
Stefano Ricci,1950000,Dây da,Thép không gỉ,Nhật Bản,Nam,Kính sapphire,5,1,Quartz,40
Lobinni,3850000,Dây da,Thép không gỉ,Thụy Sĩ,Nữ,Kính sapphire,5,2,Automatic,35
Jacques Lemans,5193000,Thép không gỉ,Thép không gỉ,Áo,Nữ,Kính hardlex,5,2,Quartz,32
Jacques Lemans,5715000,Thép không gỉ,Thép không gỉ,Áo,Nam,Kính hardlex,10,2,Quartz,40
Olym Pianus,2300000,Dây da,Thép không gỉ,Nhật Bản,Nữ,Kính sapphire,3,2,Quartz,24
Ogival,19970000,Thép không gỉ,Thép không gỉ,Thụy Sĩ,Nữ,Kính sapphire,10,2,Automatic,28
Eterna,17820000,Dây da,Thép không gỉ,Thụy Sĩ,Nam,Kính sapphire,5,2,Quartz,40
Seiko,7600000,Thép không gỉ,Thép không gỉ,Nhật Bản,Nam,Kính sapphire,5,1,Quartz,39
Casio,3208000,Dây cao su,Nhựa,Nhật Bản,Nam,Kính cứng,20,5,Quartz,54.1
Olympia Star,5140000,Dây da,Thép không gỉ,Thụy Sĩ,Nam,Kính sapphire,3,2,Quartz,38
Tissot,15246000,Thép không gỉ,Thép không gỉ,Thụy Sĩ,Nữ,Kính sapphire,10,2,Quartz,34.8
Stefano Ricci,1800000,Thép không gỉ,Thép không gỉ,Nhật Bản,Nữ,Kính sapphire,3,1,Quartz,30
Longines,49162500,Thép không gỉ,Thép không gỉ,Thụy Sĩ,Nữ,Kính sapphire,3,5,Automatic,26
Citizen,3306500,Dây da,Thép không gỉ,Nhật Bản,Nam,Kính cứng,5,1,Quartz,39
Jacques Lemans,3888000,Dây da,Thép không gỉ,Áo,Nữ,Kính hardlex,10,2,Quartz,37
Citizen,6800000,Thép không gỉ,,Nhật Bản,Nữ,Kính cứng,3,1,Eco-Drive,17
Citizen,3550000,Thép không gỉ,Thép không gỉ,Nhật Bản,Nam,Kính cứng,5,1,Quartz,38
Citizen,10710000,Thép không gỉ,Thép không gỉ,Nhật Bản,Nam,Kính sapphire,5,1,Automatic,40
Olympia Star,4230000,Thép không gỉ,Thép không gỉ,Thụy Sĩ,Nam,Kính sapphire,3,1,Quartz,38
Jacques Lemans,4275000,Dây da,Thép không gỉ,Áo,Nam,Kính hardlex,10,2,Quartz,40
,3910000,Dây da,Thép không gỉ,Tây Ban Nha,Nam,Kính cứng,5,2,Quartz,41
Fossil,3636000,Thép không gỉ,Thép không gỉ,Mỹ,Nữ,Kính cứng,5,2,Quartz,32
Citizen,5100000,Thép không gỉ,Thép không gỉ,Nhật Bản,Nữ,Kính cứng,5,1,Eco-Drive,34.5
Tissot,11550000,Thép không gỉ,Thép không gỉ,Thụy Sĩ,Nam,Kính sapphire,5,2,Quartz,40
Lobinni,3450000,Dây da,Thép không gỉ,Thụy Sĩ,Nam,Kính sapphire,5,2,Automatic,42
Doxa,18580000,Thép không gỉ,Thép không gỉ,Thụy Sĩ,Nữ,Kính sapphire,5,2,Quartz,29
Lobinni,4780000,Thép không gỉ,Thép không gỉ,Thụy Sĩ,Nam,Kính sapphire,5,2,Automatic,42
Doxa,36480000,Dây đá,Thép không gỉ,Thụy Sĩ,Nữ,Kính sapphire,10,2,Quartz,36
Bulova,8500000,Thép không gỉ,Thép không gỉ,Mỹ,Nam,Kính cứng,3,3,Quartz,39
Hamilton,23188000,Thép không gỉ,Thép không gỉ,Thụy Sĩ,Nam,Kính sapphire,5,2,Automatic,40
Lobinni,4280000,Thép không gỉ,Thép không gỉ,Thụy Sĩ,Nam,Kính sapphire,5,2,Automatic,42
Stuhrling,5508000,Dây da,Thép không gỉ,Trung Quốc,Nam,Kính cứng,5,2,Quartz,42
Casio,3176100,Dây da,Thép không gỉ,Nhật Bản,Nam,Kính cứng,10,1,Quartz,44
Olym Pianus,8790000,Thép không gỉ,Thép không gỉ,Nhật Bản,Nam,Kính sapphire,5,2,Automatic,40
Calvin Klein,6750000,Dây da,Thép không gỉ,Thụy Sĩ,Nữ,Kính cứng,3,2,Quartz,42
Stefano Ricci,5610000,Thép không gỉ,Thép không gỉ,Nhật Bản,Nam,Kính sapphire,5,1,Automatic,42
Carnival,3800000,Dây da,Thép không gỉ,Thụy Sĩ,Nam,Kính sapphire,3,2,Automatic,41
Casio,856000,Dây cao su,,Nhật Bản,Nữ,Kính nhựa,10,1,Quartz,34.2
Orient,4610000,Dây da,Thép không gỉ,Nhật Bản,Nam,Kính cứng,3,1,Quartz,40.5
Citizen,8560000,Thép không gỉ,Thép không gỉ,Nhật Bản,Nữ,Kính sapphire,5,1,Automatic,29
Citizen,8385000,Thép không gỉ,Thép không gỉ,Nhật Bản,,Kính cứng,5,1,Quartz,40
Citizen,10115000,Dây da,Thép không gỉ,Nhật Bản,Nam,Kính sapphire,10,1,Eco-Drive,43
Michael Kors,6579000,Thép không gỉ,Thép không gỉ,Mỹ,Nữ,Kính cứng,5,2,Quartz,34
Citizen,5121000,Dây da,Thép không gỉ,Trung Quốc,Nam,Kính cứng,5,1,Automatic,40
Frederique Constant,28180000,Thép không gỉ,Thép không gỉ,Thụy Sĩ,Nữ,Kính sapphire,3,2,Quartz,26
Tissot,21000000,Thép không gỉ,Thép không gỉ,Thụy Sĩ,Nam,Kính sapphire,3,2,Automatic,42
Olym Pianus,2720000,Thép không gỉ,Thép không gỉ,Nhật Bản,Nam,Kính sapphire,3,2,Japan movement,36
Fossil,4790000,Thép không gỉ,Thép không gỉ,Mỹ,Nữ,Kính cứng,5,2,Quartz,38
Citizen,11462250,Thép không gỉ,Thép không gỉ,Nhật Bản,Nam,Kính sapphire,3,1,Eco-Drive,38.4
Tissot,21105000,Dây da,Thép không gỉ,Thụy Sĩ,Nam,Kính sapphire,3,2,Automatic,40
Citizen,3310000,Dây da,Thép không gỉ,Nhật Bản,Nam,Kính cứng,5,1,Quartz,39
Epos Swiss,13230000,Dây da,Thép không gỉ,Thụy Sĩ,Nam,Kính sapphire,5,2,Quartz,41
Stefano Ricci,2950000,Thép không gỉ,Thép không gỉ,Nhật Bản,Nam,Kính sapphire,5,1,Quartz,39
Tissot,10242000,Thép không gỉ,Thép không gỉ,Thụy Sĩ,Nữ,Kính sapphire,3,2,Quartz,30
Leonidas,5290000,Dây da,Thép không gỉ,Trung Quốc,Nữ,Kính sapphire,5,2,Automatic,33
Doxa,126930000,Dây da,Vàng,Thụy Sĩ,Nam,Kính sapphire,5,2,Automatic,42
Orient,5040000,Dây da,Thép không gỉ,Nhật Bản,Nam,Kính cứng,5,1,Automatic,42
Stefano Ricci,1800000,Thép không gỉ,Thép không gỉ,Nhật Bản,Nam,Kính sapphire,3,1,Quartz,39
Frederique Constant,54009000,Dây da,Thép không gỉ,Thụy Sĩ,Nữ,Kính sapphire,3,2,Quartz,23
Seiko,5256000,Thép không gỉ,Thép không gỉ,Nhật Bản,Nam,Kính hardlex,10,1,Quartz,45
,5870000,Thép không gỉ,Thép không gỉ,Tây Ban Nha,Nam,Kính cứng,5,2,Quartz,43
Olym Pianus,8770000,Thép không gỉ,Thép không gỉ,Nhật Bản,Nam,Kính sapphire,5,2,Automatic,42
Iw Carnival,4190000,Dây da,Thép không gỉ,Thụy Sĩ,Nam,Kính sapphire,5,2,Automatic,42
Orient,3270000,Dây da,Thép không gỉ,Nhật Bản,Nam,Kính cứng,3,1,Quartz,40
Seiko,6940000,Thép không gỉ,Thép không gỉ,Nhật Bản,Nam,Kính hardlex,10,1,Automatic,42.5
,3240000,Thép không gỉ,Thép không gỉ,Trung Quốc,Nữ,Kính cứng,5,2,Quartz,30
Casio,1466100,,,Trung Quốc,Nam,Kính cứng,3,1,Quartz,41.5
Casio,856000,Dây cao su,,Nhật Bản,Nam,Kính nhựa,5,1,Quartz,43.8
Lobinni,6850000,Thép không gỉ,Thép không gỉ,Thụy Sĩ,Nam,Kính sapphire,5,2,Automatic,41.5
Lobinni,4750000,Thép không gỉ,Thép không gỉ,Thụy Sĩ,Nam,Kính sapphire,5,2,Automatic,39
Olym Pianus,3980000,Thép không gỉ,Thép không gỉ,Nhật Bản,Nữ,Kính sapphire,3,2,Japan movement,25
Epos Swiss,44100000,Dây da,Thép không gỉ,Thụy Sĩ,Nam,Kính sapphire,5,2,Hand Winding,42
Tissot,11025000,Thép không gỉ,Thép không gỉ,Thụy Sĩ,Nữ,Kính sapphire,3,2,Quartz,25
Orient,8000000,Thép không gỉ,Thép không gỉ,Nhật Bản,Nam,Kính cứng,5,1,Automatic,41.7
Stuhrling,12312000,Thép không gỉ,Thép không gỉ,Trung Quốc,Nam,Kính cứng,5,2,Quartz,42
Q&Q Citizen,1047600,Hợp kim Titanium,Hợp kim Titanium,Trung Quốc,Nam,Kính cứng,5,1,Quartz,44
Longines,72450000,Dây da,Thép không gỉ,Thụy Sĩ,Nữ,Kính sapphire,3,5,Automatic,30
Saga,6384000,Thép không gỉ,Thép không gỉ,Mỹ,Nữ,Kính cứng,3,2,Quartz,24
Longines,71875000,Dây da,Thép không gỉ,Thụy Sĩ,Nam,Kính sapphire,3,2,Automatic,42
Calvin Klein,8620000,Thép không gỉ,Thép không gỉ,Thụy Sĩ,Nam,Kính cứng,3,2,Quartz,38
Longines,50490000,Dây da,Thép không gỉ,Thụy Sĩ,Nam,Kính sapphire,3,5,Automatic,38.5
Orient,9050000,Dây da,Thép không gỉ,Nhật Bản,Nam,Kính sapphire,5,1,Automatic,40.8
Citizen,6150000,Thép không gỉ,Thép không gỉ,Nhật Bản,Nữ,Kính cứng,5,1,Eco-Drive,33
Stefano Ricci,1850000,Thép không gỉ,Thép không gỉ,Nhật Bản,Nam,Kính sapphire,5,1,Quartz,40
Casio,3176100,Thép không gỉ,Thép không gỉ,Nhật Bản,Nam,Kính cứng,10,1,Quartz,52
Q&Q Citizen,637200,Dây cao su,Nhựa,Trung Quốc,Nam,Kính cứng,10,1,Quartz,41
Longines,45280800,Thép không gỉ,Thép không gỉ,Thụy Sĩ,Nam,Kính sapphire,3,5,Automatic,36
Lobinni,5950000,Dây da,Thép không gỉ,Thụy Sĩ,Nam,Kính sapphire,5,2,Automatic,42
Orient,7480000,Dây da,Thép không gỉ,Nhật Bản,Nam,Kính sapphire,5,1,Automatic,41.6
Citizen,6785000,Thép không gỉ,Thép không gỉ,Nhật Bản,Nữ,Kính cứng,5,1,Eco-Drive,36
Skagen,3740000,Dây da,Thép không gỉ,Đan Mạch,Nữ,Kính cứng,3,3,Quartz,30
Leonidas,5290000,Gốm ceramic,Thép không gỉ,Trung Quốc,Nữ,Kính sapphire,5,2,Automatic,33
Casio,10001000,Dây cao su,Nhựa,Nhật Bản,Nam,Kính cứng,20,5,Quartz,56.2
Philippe Auguste,10223100,Thép không gỉ,Thép không gỉ,Áo,Nam,Kính sapphire,5,2,Automatic,40
Citizen,4200000,Thép không gỉ,Thép không gỉ,Nhật Bản,Nữ,Kính cứng,5,1,Quartz,26
Aries Gold,7402500,Dây da,Thép không gỉ,Singapore,Nam,Kính sapphire,5,2,Quartz,46
Orient,2990000,Thép không gỉ,Thép không gỉ,Nhật Bản,Nam,Kính cứng,5,1,Quartz,43
Aries Gold,6277500,Thép không gỉ,Thép không gỉ,Singapore,Nam,Kính sapphire,5,2,Quartz,42.5
Longines,53043300,Thép không gỉ,Thép không gỉ,Thụy Sĩ,Nam,Kính sapphire,3,5,Automatic,34.5
Olympia Star,4020000,Dây da,Thép không gỉ,Thụy Sĩ,Nam,Kính sapphire,3,1,Quartz,38
Seiko,4095000,Dây da,Thép không gỉ,,Nam,Kính sapphire,,nan,Quartz,nan
